Standort,Plz,Ort,Straße,Aufstellungsort
A 10 Center II,15745,Wildau,Chausseestraße 1,Südeingang im Windfang
A10 Center,15745,Wildau,Chausseestr. 1,Osteingang im Windfang
aktiv & irma-Markt,26121,Oldenburg,Alexanderstr. 164,Eingangsbereich
Allee-Center Leipzig,04209,Leipzig,Ludwigsburger Str. 9,
Aral Tankstelle,12107,Berlin,Mariendorfer Damm 341,Wandeinbau
Aral-Autohof,36251,Bad Hersfeld,An der Haune 1 a,Shop
Aral-Tankstelle,01099,Dresden,Königsbrücker Str. 136,Shop rechts neben Tür
Aral-Tankstelle,01127,Dresden,Großenhainer Str. 44,Shop rechts neben Tür
Aral-Tankstelle,01139,Dresden,Werftstraße 13,Shop Sparerker
Aral-Tankstelle,01157,Dresden,Hamburger Str. 88 c,Shop links neben Tür
Aral-Tankstelle,01217,Dresden,Bergstr. 121,Shop links neben Tür
Aral-Tankstelle,01219,Dresden,Dohnaer Str. 103,Shop rechts neben Tür
Aral-Tankstelle,01257,Dresden,Str. des 17. Juni Nr. 9,Shop rechts neben Tür
Aral-Tankstelle,01454,Radeberg,Badstr. 69,Shop rechts neben Tür
Aral-Tankstelle,01471,Radeburg,Radeberger Str. 18,Fenstereinbau Büro / GAA im Pächterbüro
Aral-Tankstelle,01558,Großenhain,Elsterwerdaer Str. 19 A,Fenstereinbau Büro / GAA im Pächterbüro
Aral-Tankstelle,01561,Schönfeld,Königsbrücker Str. 25,Shop rechts neben Tür
Aral-Tankstelle,01662,Meißen,Hochuferstr. 11,Shop rechts neben Tür
Aral-Tankstelle,01723,Wilsdruff,Dresdner Tor Süd / A4,Shop
Aral-Tankstelle,01723,Wilsdruff,Dresdner Tor Nord / A4,Shop
Aral-Tankstelle,01744,Dippoldiswalde,Alte Altenberger Str. 40 A,Fenstereinbau Büro / GAA im Pächterbüro
Aral-Tankstelle,01814,Rathmannsdorf,Elbstr. 8,Shop rechts neben Tür
Aral-Tankstelle,01936,Königsbrück,Dresdner Str. 36,Shop rechts neben Tür
Aral-Tankstelle,01968,Senftenberg,Laugkfeld 30,Shop rechts neben Tür
Aral-Tankstelle,02625,Bautzen,Kreckwitzer Str. 2,Shop rechts neben Tür
Aral-Tankstelle,02730,Ebersbach,Rumburger Str. 42,Shop rechts neben Tür
Aral-Tankstelle,02827,Görlitz,Reichenbacher Str. 89,Shop rechts neben Tür
Aral-Tankstelle,03042,Cottbus,Merzdorfer Weg 1 ,Shop Sparerker
Aral-Tankstelle,03222,Lübbenau,Straße des Friedens 40,Shop rechts neben Tür
Aral-Tankstelle,04109,Leipzig,Marschnerstr. 50,Shop rechts neben Tür
Aral-Tankstelle,04157,Leipzig,Max-Liebermann-Str. 101,Shop links neben Tür
Aral-Tankstelle,04177,Leipzig,Merseburger Str. 109-113,Shop rechts neben Tür
Aral-Tankstelle,04318,Leipzig,Permoser Str. 32,Shop rechts neben Tür
Aral-Tankstelle,04357,Leipzig,Essener Str. 31,Shop rechts neben Tür
Aral-Tankstelle,04435,Schkeuditz,Bierweg 6,Shop rechts neben Tür
Aral-Tankstelle,04552,Borna,Am Gewerbegebiet,Shop rechts neben Tür
Aral-Tankstelle,04600,Altenburg,Münsaer Straße 65/B 180,Shop rechts neben Tür
Aral-Tankstelle,04860,Torgau,Dahlener Str. 3,Shop rechts neben Tür
Aral-Tankstelle,04910,Elsterwerda,B 169,Shop rechts neben Tür
Aral-Tankstelle,04916,Herzberg,B 87/Leipziger Str.,Shop rechts neben Tür
Aral-Tankstelle,06116,Halle (Saale),Rosenfelder Str. 13,Shop rechts neben Tür
Aral-Tankstelle,06118,Halle (Saale),Magdeburger Chaussee 2,Shop rechts neben Tür
Aral-Tankstelle,06126,Halle (Saale),Eislebener Chaussee 200,Shop rechts neben Tür
Aral-Tankstelle,06217,Merseburg,Thomas-Müntzer-Ring,Shop rechts neben Tür
Aral-Tankstelle,06366,Köthen,Geuzer Str. / B 185,Shop rechts neben Tür
Aral-Tankstelle,06420,Könnern,Nordstr. 1,Shop links neben Tür
Aral-Tankstelle,06449,Aschersleben,Zollberg 70,Shop rechts neben Tür
Aral-Tankstelle,06484,Quedlinburg,Harzweg 19,Shop rechts neben Tür
Aral-Tankstelle,06686,Lützen,Hallesche Str. 41,
Aral-Tankstelle,06766,Bitterfeld-Wolfen,Steinfurther Str. / B 184,Shop rechts neben Tür
Aral-Tankstelle,06844,Dessau,Albrechtstr. 35,Shop rechts neben Tür
Aral-Tankstelle,06849,Dessau,Heidestr. 348,Shop rechts neben Tür
Aral-Tankstelle,07546,Gera,Siemensstr. 58,Shop links neben Tür
Aral-Tankstelle,07549,Gera,Heeresbergstr. 9,Shop rechts neben Tür
Aral-Tankstelle,07743,Jena,Camburger Str. 64,Shop rechts neben Tür
Aral-Tankstelle,07747,Jena,Stadtrodaer Str. A4/B282,Shop rechts neben Tür
Aral-Tankstelle,07768,Kahla,Am Heerweg 33,Shop rechts neben Tür
Aral-Tankstelle,07806,Neustadt an der Orla,Triptiser Str. 36,Shop rechts neben Tür
Aral-Tankstelle,07937,Zeulenroda,Schopperstr. 83,Shop rechts neben Tür
Aral-Tankstelle,08056,Zwickau,Planitzer Str. 3 - 5,Shop rechts neben Tür
Aral-Tankstelle,08066,Zwickau,Äußere Dresdner Str. 5,Fenstereinbau Büro / GAA im Pächterbüro
Aral-Tankstelle,08523,Plauen,Hammerstr. 65,Shop rechts neben Tür
Aral-Tankstelle,08527,Plauen,Trockentalstr. 64,Shop rechts neben Tür
Aral-Tankstelle,09114,Chemnitz,Leipziger Str. 206,Shop rechts neben Tür
Aral-Tankstelle,09120,Chemnitz,Annaberger Str. 94,Shop rechts neben Tür
Aral-Tankstelle,09126,Chemnitz,Zschopauer Str. 234,Shop rechts neben Tür
Aral-Tankstelle,09366,Niederdorf,Neue Schichtstr. 16,
Aral-Tankstelle,09599,Freiberg,Leipziger Str. 43,Fenstereinbau Büro / GAA im Pächterbüro
Aral-Tankstelle,10179,Berlin,Holzmarktstr. 12 - 14,Wandeinbau Werkhalle
Aral-Tankstelle,10555,Berlin,Levetzowstr. 9,Shop Sparerker
Aral-Tankstelle,10711,Berlin,Kurfürstendamm 128,Büro
Aral-Tankstelle,10997,Berlin,Vor dem Schlesischen Tor,Wandeinbau Shop
Aral-Tankstelle,12045,Berlin,Sonnenallee 113,Wandeinbau Büro / GAA im Pächterbüro
Aral-Tankstelle,12057,Berlin,Grenzallee 6,Wandeinbau Büro
Aral-Tankstelle,12103,Berlin,Schöneberger Str. / Alboinstr. 19-20,Shop
Aral-Tankstelle,12107,Berlin,Mariendorfer Damm 195,Wandeinbau Büro / GAA im Pächterbüro
Aral-Tankstelle,12165,Berlin,Schloßstr. 63 - 64,Büro
Aral-Tankstelle,12247,Berlin,Kaiser-Wilhelm-Str. 117,Büro
Aral-Tankstelle,12347,Berlin,Britzer Damm 202-204,Shop rechts neben Tür
Aral-Tankstelle,12357,Berlin,Neuköllner Str. 219,Shop Sparerker
Aral-Tankstelle,12357,Berlin,Neuköllner Str. 250 - 256,Lager
Aral-Tankstelle,12437,Berlin,Köpenicker Landstr. 296,Shop rechts neben Tür
Aral-Tankstelle,12527,Berlin,Adlergestell 748,Wandeinbau Shop
Aral-Tankstelle,12529,Schönefeld,Schützenstr. 11,Shop links neben Tür
Aral-Tankstelle,13127,Berlin,Pasewalker Str. 110,Shop rechts neben Tür
Aral-Tankstelle,13187,Berlin,Mühlenstr. 26,Shop rechts neben Tür
Aral-Tankstelle,13353,Berlin,Seestr. 18/19,Fenstereinbau Büro / GAA im Pächterbüro
Aral-Tankstelle,13405,Berlin,Scharnweber Str. 12 - 13,Shop rechts neben Tür
Aral-Tankstelle,13407,Berlin,Rödernallee 179,Shop rechts neben Tür
Aral-Tankstelle,13409,Berlin,Residenzstr. 29,Shop rechts neben Tür
Aral-Tankstelle,13507,Berlin,Berliner Str. 24,Shop rechts neben Tür
Aral-Tankstelle,13585,Berlin,Falkenseer Damm 16,Shop rechts neben Tür
Aral-Tankstelle,13593,Berlin,Heerstr. 325,Shop rechts neben Tür
Aral-Tankstelle,14052,Berlin,Reichsstr. 13 - 14,Wandeinbau Büro
Aral-Tankstelle,14057,Berlin,Messedamm 8-10,Shop
Aral-Tankstelle,14163,Berlin,Potsdamer Chaussee 6,Wandeinbau separater Raum
Aral-Tankstelle,14163,Berlin,Argentinische Allee 49,Shop
Aral-Tankstelle,14469,Potsdam,Potsdamer Str. 54,Wandeinbau Shop
Aral-Tankstelle,14542,Werder,Potsdamer Str. 82,Shop rechts neben Tür
Aral-Tankstelle,14558,Nuthetal,Arthur-Scheunert-Allee 73-75,Shop Sparerker
Aral-Tankstelle,14612,Falkensee,Finkenkruger Str. 57,Shop rechts neben Tür
Aral-Tankstelle,14641,Nauen,Hamburger Str. 34,Shop rechts neben Tür
Aral-Tankstelle,14641,Wustermark,Alter Spandauer Weg 5,
Aral-Tankstelle,14778,Wollin,Im Gewerbegebiet 1,Wandeinbau Shop
Aral-Tankstelle,15234,Frankfurt/Oder,Berliner Chaussee 22,Shop rechts neben Tür
Aral-Tankstelle,15344,Strausberg,Hohensteiner Chaussee,Fenstereinbau Büro / GAA im Pächterbüro
Aral-Tankstelle,15370,Fredersdorf-Vogelsdorf,Frankfurter Chaussee 68,Shop rechts neben Tür
Aral-Tankstelle,15517,Fürstenwalde,Triftstr. 3,Shop rechts neben Tür
Aral-Tankstelle,15517,Fürstenwalde,Friedenstr. 36,Shop rechts neben Tür
Aral-Tankstelle,15537,Erkner,Berliner Str. 11,Shop rechts neben Tür
Aral-Tankstelle,15711,Königs Wusterhausen,Luckenwalder Str. 111,Shop rechts neben Tür
Aral-Tankstelle,15713,Königs Wusterhausen,Robert-Guthmann-Str. 1,Shop links neben Tür
Aral-Tankstelle,15859,Storkow,Kummersdorfer Str. 13d,Shop rechts neben Tür
Aral-Tankstelle,15890,Eisenhüttenstadt,Karl-Marx-Str. 1,Fenstereinbau Büro / GAA im Pächterbüro
Aral-Tankstelle,15907,Lübben,Frankfurter Str. 101,Shop rechts neben Tür
Aral-Tankstelle,15926,Luckau,Rüblingsheide/A 13,Sondereinbau / Kassenhäuser
Aral-Tankstelle,15926,Luckau,Berstetal/A13,Shop rechts neben Tür
Aral-Tankstelle,16244,Finowfurt,B 167 / Nr. 4,Shop rechts neben Tür
Aral-Tankstelle,16356,Ahrensfelde / Lindenberg,Spenglerstr. 2,
Aral-Tankstelle,16548,Glienicke,Oranienburger Chaussee 34,Shop Sparerker
Aral-Tankstelle,17033,Neubrandenburg,Neustrelitzer Str. 118 ,Shop rechts neben Tür
Aral-Tankstelle,17036,Neubrandenburg,Woldegker Str. 39,Shop rechts neben Tür
Aral-Tankstelle,17166,Teterow,Poggestr. 17,Shop rechts neben Tür
Aral-Tankstelle,17268,Templin,Lychener Str. 15,Shop rechts neben Tür
Aral-Tankstelle,17489,Greifswald,Schönwalder Landstr. 1,Shop rechts neben Tür
Aral-Tankstelle,18146,Rostock,Rövershäger Chaussee 1,Shop rechts neben Tür
Aral-Tankstelle,18147,Rostock ,Toitenwinkler Allee 1,Shop rechts neben Tür
Aral-Tankstelle,18273,Güstrow,Am Eicheneck 7,Shop rechts neben Tür
Aral-Tankstelle,18311,Ribnitz-Damgarten,B 105,Shop rechts neben Tür
Aral-Tankstelle,19057,Schwerin,Vor dem Wittenburger Tor,Shop Sparerker
Aral-Tankstelle,19061,Schwerin,An der Crivitzer Chaussee 2 / Müsser Bucht,Shop rechts neben Tür
Aral-Tankstelle,19063,Schwerin,Am Grünen Tal 10,Shop rechts neben Tür
Aral-Tankstelle,19243,Wittenburg,Rudolf-Diesel-Str. 2,Shop rechts neben Tür
Aral-Tankstelle,19370,Parchim,Ludwigsluster Chaussee 24,Shop rechts neben Tür / GAA im Pächterbüro
Aral-Tankstelle,20097,Hamburg,Spaldingstr. 107,Wandeinbau Büro / GAA im Pächterbüro
Aral-Tankstelle,20535,Hamburg,Sievekingsallee/Saling 30,Shop rechts neben Tür
Aral-Tankstelle,20537,Hamburg,Eiffestr. 506,Shop rechts neben Tür
Aral-Tankstelle,20539,Hamburg,Großmannstr. 195 - 211,Shop rechts neben Tür
Aral-Tankstelle,21035,Hamburg,Nettelnburger Landweg 2,Shop rechts neben Tür
Aral-Tankstelle,21077,Hamburg,Bremer Str. 300,Shop rechts neben Tür
Aral-Tankstelle,21107,Hamburg,Mengestr. 14,Shop Sparerker
Aral-Tankstelle,21129,Hamburg,Ostfrieslandstr. 80,Shop rechts neben Tür
Aral-Tankstelle,21218,Seevetal,Jesteburger Str. 12,Fenstereinbau Büro / GAA im Pächterbüro
Aral-Tankstelle,21337,Lüneburg,Dahlenburger Landstr. 33,Shop rechts neben Tür
Aral-Tankstelle,21339,Lüneburg,Hamburger Str. 35 b,Shop links neben Tür
Aral-Tankstelle,21423,Winsen,Max-Planck-Str. 18,Shop rechts neben Tür
Aral-Tankstelle,21481,Lauenburg,Hamburger Str. 30,Shop rechts neben Tür
Aral-Tankstelle,22043,Hamburg,Schimmelmannstr. 97,Shop links neben Tür
Aral-Tankstelle,22143,Hamburg,Bargteheider Str. 100,Shop rechts neben Tür
Aral-Tankstelle,22143,Hamburg,Sieker Landstr. 128,Lagerraum
Aral-Tankstelle,22177,Hamburg,Bramfelder Chaussee 66,Shop rechts neben Tür
Aral-Tankstelle,22305,Hamburg,Habichtstr. 72 - 78,Shop rechts neben Tür
Aral-Tankstelle,22335,Hamburg,Langenhorner Chaussee 53 - 61,Shop rechts neben Tür
Aral-Tankstelle,22523,Hamburg,Holsteiner Chaussee 55,Shop rechts neben Tür
Aral-Tankstelle,22525,Hamburg,Kieler Str. 285,Shop Sparerker
Aral-Tankstelle,22529,Hamburg,Osterfeldstr. 30,Wandeinbau Lager / GAA im Pächterbüro
Aral-Tankstelle,22761,Hamburg,Stresemannstr. 329,Shop links neben Tür
Aral-Tankstelle,22880,Wedel,Rissener Str. 89,Shop rechts neben Tür
Aral-Tankstelle,23554,Lübeck,Fackenburger Allee 20,Shop rechts neben Tür
Aral-Tankstelle,23570,Lübeck,Gneversdorfer Weg 12 - 14,Lager Wandeinbau / GAA im Pächterbüro
Aral-Tankstelle,23775,Großenbrode,B 207/E 47 -Landseite,Fenstereinbau Büro / GAA im Pächterbüro
Aral-Tankstelle,23795,Schackendorf,BAB 21,Shop rechts neben Tür
Aral-Tankstelle,23795,Bad Segeberg,Ziegelstraße 46,Shop rechts neben Tür
Aral-Tankstelle,23843,Bad Oldesloe,Hamburger Straße 110,Shop rechts neben Tür
Aral-Tankstelle,23966,Wismar,Lübsche Str. 161,Shop rechts neben Tür
Aral-Tankstelle,24109,Kiel,Stockholmstr. 2,Shop rechts neben Tür
Aral-Tankstelle,24113,Kiel,Rendsburger Landstr. 205,Shop rechts neben Tür
Aral-Tankstelle,24119,Kronshagen,Eckernförder Straße 290,
Aral-Tankstelle,24143,Kiel,Schwedendamm 21,Shop Sparerker
Aral-Tankstelle,24534,Neumünster,Rendsburger Str. 48,Shop rechts neben Tür
Aral-Tankstelle,24558,Henstedt-Ulzburg,Rudolf-Diesel-Str. 2,Shop links neben Tür
Aral-Tankstelle,24568,Kaltenkirchen,Kieler Str. 51 - 53,Büro
Aral-Tankstelle,24850,Schuby,Westring 19,Wandeinbau Shop
Aral-Tankstelle,24937,Flensburg,Nordstr. 20,Shop rechts neben Tür
Aral-Tankstelle,25337,Elmshorn,Werner-von-Siemens-Str. 1,Büro links neben Tür
Aral-Tankstelle,25348,Glückstadt,Stadtstr. 31,Shop links neben Tür
Aral-Tankstelle,25436,Tornesch,Lise-Meitner-Allee 3,Shop rechts neben Tür
Aral-Tankstelle,25524,Itzehoe,Lindenstr. 24,Fenstereinbau Büro / GAA im Pächterbüro
Aral-Tankstelle,25813,Husum,Flensburger Chaussee 50,Shop rechts neben Tür
Aral-Tankstelle,26122,Oldenburg,Prinzessinweg 2,Shop rechts neben Tür
Aral-Tankstelle,26131,Oldenburg,Hundsmühler Str. 86,Wandeinbau Shop
Aral-Tankstelle,26384,Wilhelmshaven,Gökerstr.,Shop rechts neben Tür
Aral-Tankstelle,26389,Wilhelmshaven,Ernst-Barlach-Str. 1,Shop rechts neben Tür
Aral-Tankstelle,26607,Aurich,Esenser Straße 109,Shop rechts neben Tür
Aral-Tankstelle,26721,Emden,Auricher Str. 216,Fenstereinbau Büro / GAA im Pächterbüro
Aral-Tankstelle,26789,Leer,Heisfelder Str. 212,Fenstereinbau Büro / GAA im Pächterbüro
Aral-Tankstelle,26954,Nordenham,Bahnhofstr. 62,Shop rechts neben Tür
Aral-Tankstelle,27283,Verden,Hamburger Str. 47,Fenstereinbau Büro / GAA im Pächterbüro
Aral-Tankstelle,27404,Gyhum ,"An der Autobahn 1, Rasthof Bokel",Shop
Aral-Tankstelle,27419,Sittensen,Stader Str. 30,
Aral-Tankstelle,27572,Bremerhaven,Weserstr. 239 - 247,Shop rechts neben Tür
Aral-Tankstelle,27753,Delmenhorst,Stedinger Str. 174,Fenstereinbau Büro / GAA im Pächterbüro
Aral-Tankstelle,28237,Bremen,Stapelfeldtstr. 4,Shop rechts neben Tür
Aral-Tankstelle,28307,Bremen,Osterholzer Heerstr. 119 – 121,Shop rechts neben Tür
Aral-Tankstelle,28309,Bremen,Hannoversche Str. 142,Fenstereinbau Büro / GAA im Pächterbüro Zugang 9 bis 12 Uhr
Aral-Tankstelle,28309,Bremen,Gewerbepark Hansalinie,Shop links neben Tür
Aral-Tankstelle,28329,Bremen,Kurfürstenallee 49,Shop links neben Tür
Aral-Tankstelle,28717,Bremen,Bremerhavener Heerstr. 48,Fenstereinbau Büro / GAA im Pächterbüro
Aral-Tankstelle,28816,Stuhr,Weser-Ems-Str. 1,Shop rechts neben Tür
Aral-Tankstelle,29227,Celle,Braunschweiger Heerstr. 78,Shop rechts neben Tür
Aral-Tankstelle,29227,Celle,Hannoversche Heerstr. 44,Shop rechts neben Tür
Aral-Tankstelle,29525,Uelzen,Veersser Str. 98,Fenstereinbau Büro / GAA im Pächterbüro
Aral-Tankstelle,29525,Uelzen,Ludwig-Erhard-Straße  4,Shop links neben Tür
Aral-Tankstelle,29664,Walsrode,Hannoversche Str. 41 - 43,Fenstereinbau Büro / GAA im Pächterbüro
Aral-Tankstelle,30171,Hannover,Marienstr. 108,Shop rechen Tür
Aral-Tankstelle,30173,Hannover,Altenbekener Damm 3,Shop rechts neben Tür
Aral-Tankstelle,30173,Hannover,Hans-Böckler-Allee 33,Shop rechts neben Tür
Aral-Tankstelle,30419,Hannover,Am Leineufer 52,Shop rechts neben Tür
Aral-Tankstelle,30453,Hannover,Badenstedter Str. 102 a,Shop rechts neben Tür
Aral-Tankstelle,30459,Hannover,Göttinger Chaussee 80,Shop rechts neben Tür
Aral-Tankstelle,30521,Hannover,Messeschnellweg West,Shop rechts neben Tür
Aral-Tankstelle,30539,Hannover,Messeschnellweg Ostseite,Shop Indoor rechts an der Wand
Aral-Tankstelle,30559,Hannover,B 65 - Südseite-,Shop Sparerker
Aral-Tankstelle,30559,Hannover,Lehrter Str. 86 (B 65 Nord),Shop rechts neben Tür
Aral-Tankstelle,30659,Hannover,Kirchhorster Str. 24,Shop rechts neben Tür
Aral-Tankstelle,30851,Langenhagen,Vahrenwalder Str. 323,Shop rechts neben Tür
Aral-Tankstelle,30880,Laatzen,Karlsruher Str. 52,Wandeinbau Shop
Aral-Tankstelle,30966,Hemmingen,Gutenbergstr. 1,Fenstereinbau Büro
Aral-Tankstelle,31061,Alfeld ,Alte Heerstr. 4 / B3,Shop rechts neben Tür
Aral-Tankstelle,31139,Hildesheim,Alfelder Str. 99,Shop rechts neben Tür
Aral-Tankstelle,31167,Bockenem,Oppelner Str. 1,Shop rechts neben Tür
Aral-Tankstelle,31224,Peine,Schwarzer Weg 39,Fenstereinbau Büro / GAA im Pächterbüro
Aral-Tankstelle,31319,Sehnde,Iltener Str. 8,Shop rechts neben Tür
Aral-Tankstelle,31535,Neustadt am Rübenberge,Wunstorfer Str. 64,Fenstereinbau Büro / GAA im Pächterbüro
Aral-Tankstelle,31785,Hameln,Deisterstr. 13,Shop rechts neben Tür
Aral-Tankstelle,32257,Bünde,Herforder Str. 147 - 151,Fenstereinbau Büro / GAA im Pächterbüro
Aral-Tankstelle,33106,Paderborn,Borchener Str. 336,Eingangsbereich / Durchgang
Aral-Tankstelle,33607,Bielefeld,Heeper Str. 77,Shop rechts neben Tür
Aral-Tankstelle,33824,Werther,Bielefelder Str. 36,Shop Sparerker
Aral-Tankstelle,34121,Kassel,Frankfurter Str. 90,Shop rechts neben Tür
Aral-Tankstelle,34123,Kassel,Nürnberger Str. 106,Shop rechts neben Tür
Aral-Tankstelle,34134,Kassel,Leuschnerstr. 81,Shop rechts neben Tür
Aral-Tankstelle,34295,Edermünde-Holzhausen,"BAB 49, Edermünde Ost",Shop rechts neben Tür
Aral-Tankstelle,35066,Frankenberg,Röddenauer Str. 31,Shop rechts neben Tür
Aral-Tankstelle,35394,Gießen,Grünberger Str. 40 - 42,Fenstereinbau Büro / GAA im Pächterbüro
Aral-Tankstelle,36433,Leimbach,Salzunger Str.,Shop rechts neben Tür
Aral-Tankstelle,37075,Göttingen,Weender Landstr. 62 A,Fenstereinbau Büro / GAA im Pächterbüro
Aral-Tankstelle,37154,Northeim,Westerlange / B 3,Shop links neben Eingang
Aral-Tankstelle,37235,Hessisch Lichtenau,"BAB 44 / B 7, Leipziger Str. 201",Shop links neben Eingang
Aral-Tankstelle,37269,Eschwege,Niederhoner Str. 3,Shop Sparerker
Aral-Tankstelle,37603,Holzminden,Allersheimer Str. 66,Shop Sparerker
Aral-Tankstelle,38112,Braunschweig,Hansestr. 47a,Shop rechts neben Tür
Aral-Tankstelle,38114,Braunschweig,Hildesheimer Str. 32,Shop rechts neben Tür
Aral-Tankstelle,38126,Braunschweig,Salzdahlumer Str. 190,Shop rechts neben Tür
Aral-Tankstelle,38170,Schöppenstedt,Schwarzer Weg 1,Shop rechts neben Tür
Aral-Tankstelle,38302,Wolfenbüttel,Leipziger Str. 8 C,Shop links neben Eingang
Aral-Tankstelle,38364,Schöningen,Helmstedter Str. 33,Fenstereinbau Büro / GAA im Pächterbüro
Aral-Tankstelle,38440,Wolfsburg,Heinrich-Nordhoff-Str. 117,Büro
Aral-Tankstelle,38640,Goslar,Hildesheimer Str. 18,Fenstereinbau Büro / GAA im Pächterbüro
Aral-Tankstelle,38700,Braunlage,Bahnhofstr. 1,Shop rechts neben Tür
Aral-Tankstelle,38820,Halberstadt,Sternstr. 10,Shop rechts neben Tür
Aral-Tankstelle,38889,Blankenburg,Neue Halberstädter Str. 67,Shop rechts neben Tür
Aral-Tankstelle,39126,Magdeburg,Grabower Str. 2,Eingangsbereich / Durchgang
Aral-Tankstelle,39126,Magdeburg,Olvenstedter Graseweg 36f,Shop rechts neben Tür
Aral-Tankstelle,39126,Magdeburg,Ziolkowskistraße 14,Wandeinbau Shop
Aral-Tankstelle,39340,Haldensleben,Alvensleber Landstr. 5,Shop rechts neben Tür
Aral-Tankstelle,39576,Stendal,Arneburger Str.47 / B 189,Shop rechts neben Tür
Aral-Tankstelle,39606,Osterburg,Schilddorf 10 / B  189,Shop rechts neben Tür
Aral-Tankstelle,40549,Düsseldorf,Pariser Str. 82,Büro
Aral-Tankstelle,40589,Düsseldorf,Münchener Straße 300 / Itterstraße 147,Büro links neben der Tür / GAA im Pächterbüro
Aral-Tankstelle,40627,Düsseldorf,In den Kötten 9,Shop rechts neben Tür
Aral-Tankstelle,40627,Düsseldorf,Gerresheimer Landstr. 67,Büro links neben der Tür
Aral-Tankstelle,40629,Düsseldorf,Bergische Landstr. 605,Shop rechts neben Tür
Aral-Tankstelle,40878,Ratingen,Volkardeyer Str. 54,Shop rechts neben Tür
Aral-Tankstelle,41066,Mönchengladbach,Krefelder Str. 472,Fenstereinbau Büro / GAA im Pächterbüro
Aral-Tankstelle,41068,Mönchengladbach,Waldnieler Str. 60,Fenstereinbau Büro / GAA im Pächterbüro
Aral-Tankstelle,41238,Mönchengladbach,Liedberger Str. 25,Shop rechts neben Tür
Aral-Tankstelle,41539,Dormagen,Krefelder Str. 101,Fenstereinbau Büro / GAA im Pächterbüro
Aral-Tankstelle,41540,Dormagen,Kruppstraße 1 A,Wandeinbau Lagerraum
Aral-Tankstelle,41564,Kaarst,Kaarster Str. 1/ Bismarckstr.,Shop rechts neben Tür
Aral-Tankstelle,41751,Viersen,Viersener Str. 142,Shop Sparerker
Aral-Tankstelle,41836,Hückelhoven,Krefelder Str. 44,Wandeinbau Büro
Aral-Tankstelle,42281,Wuppertal,Märkische Str. 29,Shop rechts neben Tür
Aral-Tankstelle,42553,Velbert,Elberfelder Str. 99,Büro Wandeinbau / GAA im Pächterbüro
Aral-Tankstelle,42579,Heiligenhaus,Ratinger Str. 19,Fenstereinbau Büro / GAA im Pächterbüro
Aral-Tankstelle,42781,Haan,Hochdahler Str. 130,Shop links neben Eingang
Aral-Tankstelle,42855,Remscheid,Neuenkamper Str. 2 - 4,Shop rechts neben Tür
Aral-Tankstelle,44137,Dortmund,Lindemannstr. 65,Fenstereinbau Shop
Aral-Tankstelle,44141,Dortmund,Westfalendamm 166,Shop rechts neben Tür
Aral-Tankstelle,44225,Dortmund,Hagener Str. 156,Büro links neben Tür
Aral-Tankstelle,44328,Dortmund,Flughafenstr. 425,Wandeinbau Büro
Aral-Tankstelle,44625,Herne,Holsterhauser Str. 301,Shop rechts neben Tür
Aral-Tankstelle,44789,Bochum,Wittener Str. 66,Wandeinbau Büro
Aral-Tankstelle,44789,Bochum,Königsallee 142,Shop rechts neben Tür
Aral-Tankstelle,44791,Bochum,Castroper Str. 190,Wandeinbau Aufenthaltsraum
Aral-Tankstelle,44793,Bochum,Alleestr. 79,Wandeinbau Büro
Aral-Tankstelle,44805,Bochum,Castroper Hellweg 111,Shop rechts neben Tür
Aral-Tankstelle,44807,Bochum,Herner Str. 403,Wandeinbau Büro
Aral-Tankstelle,44809,Bochum,Dorstener Str. 84,Fenstereinbau Büro / GAA im Pächterbüro
Aral-Tankstelle,44809,Bochum,Herner Str. 256,Shop rechts neben Tür
Aral-Tankstelle,44867,Bochum,Berliner Str. 96,Shop rechts neben Tür
Aral-Tankstelle,44892,Bochum,Hauptstr. 173,Shop rechts neben Tür
Aral-Tankstelle,45131,Essen,Alfredstr. 121,Nebenraum rechts neben Tür
Aral-Tankstelle,45136,Essen,Rellinghauser Str. 302,Shop rechts neben Tür
Aral-Tankstelle,45138,Essen,Steeler Str. 281,Fenstereinbau Büro / GAA im Pächterbüro
Aral-Tankstelle,45141,Essen,Holsterhauser Str. 2,Shop rechts neben Tür
Aral-Tankstelle,45141,Essen,Ernestinenstr. 155-157,Shop rechts neben Tür
Aral-Tankstelle,45219,Essen,Ringstr. 30,Büro
Aral-Tankstelle,45257,Essen,Kupferdreher Str. 63 - 67,Fenstereinbau Büro / GAA im Pächterbüro
Aral-Tankstelle,45307,Essen,Krayer Str. 188,Fenstereinbau Büro / GAA im Pächterbüro
Aral-Tankstelle,45326,Essen,Gladbecker Str. 398 A,Wandeinbau Personalraum
Aral-Tankstelle,45359,Essen,Frintroper Str. 66 - 68,Fenstereinbau Büro / GAA im Pächterbüro
Aral-Tankstelle,45659,Recklinghausen,Friedrich-Ebert-Str.14,Shop Sparerker
Aral-Tankstelle,45889,Gelsenkirchen,Bismarckstr. 280,Wandeinbau Büro
Aral-Tankstelle,45964,Gladbeck,Hermannstr. 100,Fenstereinbau Büro / GAA im Pächterbüro
Aral-Tankstelle,46045,Oberhausen,Mülheimer Str. 155,Wandeinbau Lager
Aral-Tankstelle,46045,Oberhausen,Mülheimer Str. 278 - 284,Shop rechts neben Tür
Aral-Tankstelle,46145,Oberhausen,Teutoburger Str. 1 - 3,Shop rechts neben Tür
Aral-Tankstelle,46236,Bottrop,Friedrich-Ebert-Str. 113 ,Wandeinbau Lager
Aral-Tankstelle,46236,Bottrop,Hans-Sachs-Str. 64,Shop rechts neben Tür
Aral-Tankstelle,46562,Voerde,Spellener Str. 13,Shop rechts neben Tür
Aral-Tankstelle,47058,Duisburg,Kardinal-Galen-Str. 106,Shop rechts neben Tür
Aral-Tankstelle,47119,Duisburg,Hafenstr. 43 a,Shop rechts neben Tür
Aral-Tankstelle,47226,Duisburg,Friedrich-Ebert-Str. 117,Shop rechts neben Tür
Aral-Tankstelle,47441,Moers ,Römerstr. 454,Fenstereinbau Shop
Aral-Tankstelle,47441,Moers,Krefelder Str. 10,Wandeinbau Büro
Aral-Tankstelle,47647,Kerken,Umgehungsstr. 1,Shop rechts neben Tür
Aral-Tankstelle,47805,Krefeld,Untergath 210,Shop rechts neben Tür
Aral-Tankstelle,47807,Krefeld,Kölner Str. 316,Shop rechts neben Tür
Aral-Tankstelle,47906,Kempen,Hülser Str. 45,Fenstereinbau Büro / GAA im Pächterbüro
Aral-Tankstelle,48149,Münster,Steinfurter Str. 1-3,Shop rechts neben Tür
Aral-Tankstelle,48282,Emsdetten,Grevener Damm 78,Shop rechts neben Tür
Aral-Tankstelle,49074,Osnabrück,Alte Poststr. 2,Shop rechts neben Tür
Aral-Tankstelle,49434,Neuenkirchen-Vörden,Hörster Heide 2,Shop links neben Eingang
Aral-Tankstelle,49549,Ladbergen,Espenhof 1,im Shop
Aral-Tankstelle,50126,Bergheim,Aachener Str. 25,Wandeinbau Büro
Aral-Tankstelle,50170,Kerpen,Kerpener Str. 185,Fenstereinbau Büro / GAA im Pächterbüro
Aral-Tankstelle,50259,Pulheim,Venloer Str. 39,Wandeinbau Personalraum
Aral-Tankstelle,50321,Brühl,Pingsdorfer Str. 106,Shop rechts neben Tür
Aral-Tankstelle,50354,Hürth,Luxemburger Str. 58,Shop rechts neben Tür
Aral-Tankstelle,50735,Köln,Amsterdamer Str. 194,Shop Sparerker
Aral-Tankstelle,50739,Köln,Escher Str. 273,Büro rechts neben Tür / GAA im Pächterbüro
Aral-Tankstelle,50765,Köln,Athener Ring 1,Shop links neben Eingang
Aral-Tankstelle,50858,Köln,Aachener Str. 1100,Shop rechts neben Tür
Aral-Tankstelle,50968,Köln,Am Verteilerkreis West,Shop rechts neben Tür
Aral-Tankstelle,50969,Köln,Zollstockgürtel 39,Büro links neben Tür / GAA im Pächterbüro
Aral-Tankstelle,50999,Köln,Kölnstr. 1,Shop rechts neben Tür
Aral-Tankstelle,51067,Köln,Bergisch-Gladbacher-Str.  417-419,Shop rechts neben Tür
Aral-Tankstelle,51103,Köln,Frankfurter Str. 390,Fenstereinbau Shop
Aral-Tankstelle,51107,Köln,Rösrather Str. 521 ,Shop rechts neben Tür
Aral-Tankstelle,51375,Leverkusen,Willy-Brandt-Ring 101,Shop rechts neben Tür
Aral-Tankstelle,52134,Herzogenrath,Roermonder Str. 25 - 29,Fenstereinbau Büro / GAA im Pächterbüro
Aral-Tankstelle,52146,Würselen,Hauptstr. 384,Shop rechts neben Tür
Aral-Tankstelle,52353,Düren,Nordstraße 176,Wandeinbau Shop
Aral-Tankstelle,52379,Langerwehe,Hauptstr. 275,Shop links neben Tür
Aral-Tankstelle,52428,Jülich,Neusser Str. 45,Wandeinbau Büro
Aral-Tankstelle,53111,Bonn,Römerstr. 102 - 110,Wandeinbau Geräteraum
Aral-Tankstelle,53359,Rheinbach,Koblenzer Str. 29 - 31,Shop rechts neben Tür
Aral-Tankstelle,53840,Troisdorf,Mülheimer Str. 15,Shop rechts neben Tür
Aral-Tankstelle,53879,Euskirchen,Kölner Str. 147,Wandeinbau Lager
Aral-Tankstelle,53879,Euskirchen,Frauenberger Str. 168,Shop rechts neben Tür
Aral-Tankstelle,55232,Alzey,Schafhäuser Straße 2 - 6,Shop links neben Tür
Aral-Tankstelle,55246,Wiesbaden,Hochheimer Str. 25,Shop rechts neben Tür
Aral-Tankstelle,55543,Bad Kreuznach,Bosenheimer Straße 45,Shop rechts neben Tür
Aral-Tankstelle,55543,Bad Kreuznach,Schwabenheimer Weg 135,Shop rechts neben Tür
Aral-Tankstelle,56070,Koblenz,Andernacher Str. 207,Shop rechts neben Tür
Aral-Tankstelle,56203,Höhr-Grenzhausen,Westerwaldstr. 39 - 43,Fenstereinbau Shop
Aral-Tankstelle,57072,Siegen,Koblenzer Str. 82,Shop rechts neben Tür
Aral-Tankstelle,57072,Siegen,Sandstr. 126,Shop rechts neben Tür
Aral-Tankstelle,57223,Kreuztal,Hagener Str. 10,Büro rechts neben Tür
Aral-Tankstelle,58239,Schwerte,Hörder Str. 89,Shop rechts neben Tür
Aral-Tankstelle,58256,Ennepetal,Neustr. 19,Shop Sparerker
Aral-Tankstelle,58313,Herdecke,Herdecker Bach 37 A,Fenstereinbau Büro / GAA im Pächterbüro
Aral-Tankstelle,58332,Schwelm,Talstr. 10,Fenstereinbau Büro / GAA im Pächterbüro
Aral-Tankstelle,58456,Witten,Wittener Str. 71,Shop rechts neben Tür
Aral-Tankstelle,58511,Lüdenscheid,Werdohler Landstr. 4,Fenstereinbau Büro / GAA im Pächterbüro
Aral-Tankstelle,58638,Iserlohn,Dortmunder Str. 110,Shop rechts neben Tür
Aral-Tankstelle,59069,Hamm,Werler Str. 390,Shop links neben Tür
Aral-Tankstelle,59494,Soest,Overweg 33,Shop rechts neben Tür / GAA im Pächterbüro
Aral-Tankstelle,60389,Frankfurt am Main,Friedberger Landstr. 300,Shop links neben Tür
Aral-Tankstelle,60389,Frankfurt am Main,Friedberger Landstr. 325,Büro links neben Tür
Aral-Tankstelle,60431,Frankfurt am Main,Eschersheimer Landstr. 523,Shop rechts neben Tür
Aral-Tankstelle,60488,Frankfurt am Main,Ludwig-Landmann-Str. 90,Shop rechts neben Tür
Aral-Tankstelle,60528,Frankfurt am Main,Kennedy-Allee 280,Shop links neben Tür
Aral-Tankstelle,60598,Frankfurt am Main,Darmstädter Landstr. 304,Fenstereinbau Büro / GAA im Pächterbüro
Aral-Tankstelle,61348,Bad Homburg,Louisenstr. 146 ,Shop Fensterfront
Aral-Tankstelle,61348,Bad Homburg,Urseler Straße 38,Shop rechts neben Tür
Aral-Tankstelle,61350,Bad Homburg,Saalburgstraße 114,GAA steht im Pächterbüro
Aral-Tankstelle,61352,Bad Homburg,Taunus-Schnellweg Südseite,Shop links neben Tür
Aral-Tankstelle,61352,Bad Homburg,Taunus-Schnellweg Nordseite,Shop links neben Tür
Aral-Tankstelle,61381,Friedrichsdorf,Höhenstr. 1,Shop links neben Tür
Aral-Tankstelle,63071,Offenbach,Bieberer Str. 157,Shop links neben Tür
Aral-Tankstelle,63150,Heusenstamm,Isenburger Str. 20,Shop links neben Tür
Aral-Tankstelle,63303,Dreieich,Darmstädter Str. 43,Shop links neben Tür
Aral-Tankstelle,63477,Maintal,Kennedystr. 1,Shop rechts neben Tür
Aral-Tankstelle,63801,Kleinostheim,Aschaffenburger Str. 86,Shop links neben Tür
Aral-Tankstelle,63834,Sulzbach am Main,Bahnhofstr. 86,Shop
Aral-Tankstelle,64295,Darmstadt,Rüdesheimer Str. 114,Shop rechts neben Tür
Aral-Tankstelle,64295,Darmstadt,Rheinstr. 69,Shop rechts neben Tür
Aral-Tankstelle,64331,Weiterstadt,Darmstädter Str. 122,Shop rechts neben Tür
Aral-Tankstelle,64521,Groß-Gerau,Oppenheimer Str. 7,Fenstereinbau Büro / GAA im Pächterbüro
Aral-Tankstelle,64625,Bensheim,Amperestr. 1,Shop
Aral-Tankstelle,64832,Babenhausen,Aschaffenburger Straße 3,Shop neben Tür
Aral-Tankstelle,65189,Wiesbaden,Berliner Str. 68,Shop rechts neben Tür
Aral-Tankstelle,65205,Wiesbaden,"BAB 66, Erbenheim Nord ",Shop rechts neben Tür
Aral-Tankstelle,65205,Wiesbaden,"BAB 66, Erbenheim-Süd",Wandeinbau Büro / GAA im Pächterbüro
Aral-Tankstelle,65344,Eltville,Schlangenbader Str. 8,Büro
Aral-Tankstelle,65428,Rüsselsheim,Adam-Opel-Str. 47 - 49,Fenstereinbau Büro / GAA im Pächterbüro
Aral-Tankstelle,65428,Rüsselsheim,Mainzer Str. 95,Shop links neben Tür
Aral-Tankstelle,65549,Limburg,Frankfurter Str. 55,Fenstereinbau Büro / GAA im Pächterbüro
Aral-Tankstelle,65719,Hofheim,Zeilsheimer Str. 62,Shop rechts neben Tür
Aral-Tankstelle,65929,Frankfurt am Main,"A66, Nord",Shop rechts neben Tür
Aral-Tankstelle,65929,Frankfurt am Main,"A66, Süd",Shop links neben Tür
Aral-Tankstelle,66115,Saarbrücken,St.-Johanner-Str. 111,Büro links neben Eingang
Aral-Tankstelle,66130,Saarbrücken,Neumühler Weg ,Shop rechts neben Tür
Aral-Tankstelle,66333,Völklingen,Karolinger Str. 5,Shop rechts neben Tür
Aral-Tankstelle,66538,Neunkirchen,Königstr. 32,Shop links neben Tür
Aral-Tankstelle,66740,Saarlouis,Bahnhofstr. 20,Shop rechts neben Tür
Aral-Tankstelle,66954,Pirmasens,Zweibrücker Str. 130,Fenstereinbau Büro / GAA im Pächterbüro
Aral-Tankstelle,67063,Ludwigshafen,Brunckstr. 100,Shop rechts neben Tür
Aral-Tankstelle,67269,Grünstadt,Kirchheimer Str. 51 - 53,Fenstereinbau Büro / GAA im Pächterbüro
Aral-Tankstelle,67346,Speyer,Industriestr. 5 A,Shop rechts neben Tür
Aral-Tankstelle,67547,Worms,Mainzer Str. 140,Shop rechts neben Tür
Aral-Tankstelle,67657,Kaiserslautern,Mainzer Str. 117,Shop links neben Tür
Aral-Tankstelle,67663,Kaiserslautern,Pariser Str. 202,Fenstereinbau Büro / GAA im Pächterbüro
Aral-Tankstelle,68165,Mannheim,Möhlstr. 1,Shop links neben Eingang
Aral-Tankstelle,68307,Mannheim,Frankenthaler Str. 86,Shop rechts neben Tür
Aral-Tankstelle,68309,Mannheim,Brandenburger Str. 13-15,Shop rechts neben Tür
Aral-Tankstelle,68723,Schwetzingen,Hockenheimer Landstr. 4/2,Shop links neben Tür
Aral-Tankstelle,70376,Stuttgart,Pragstr. 138 a,Shop rechts neben Tür
Aral-Tankstelle,70469,Stuttgart,Wiener Str. 39,Shop rechts neben Tür
Aral-Tankstelle,70771,Leinfelden-Echterdingen,Hauptstr. 159,Fenstereinbau Büro / GAA im Pächterbüro
Aral-Tankstelle,70825,Korntal-Münchingen,Heinrich-Lanz-Str. 1,Shop links neben Tür
Aral-Tankstelle,71034,Böblingen,Herrenberger Str. 50,Shop rechts neben Tür
Aral-Tankstelle,71636,Ludwigsburg,Schwieberdinger Str. 70,Shop rechts neben Tür
Aral-Tankstelle,71638,Ludwigsburg,Friedrichstr. 160,Shop rechts neben Tür
Aral-Tankstelle,71665,Vaihingen,An der Reichsstr. 10,Shop rechts neben Tür
Aral-Tankstelle,71717,Beilstein,Oberstenfelder Str. 24,Shop rechts neben Tür
Aral-Tankstelle,72072,Tübingen,Reutlinger Str. 72,Shop rechts neben Tür
Aral-Tankstelle,72336,Balingen,Wilhelm-Kraut-Str. 111,Shop rechts neben Tür
Aral-Tankstelle,72764,Reutlingen,Albstr. 82,Wandeinbau Büro
Aral-Tankstelle,73765,Neuhausen,Plieninger Str. 35,Shop rechts neben Tür
Aral-Tankstelle,73770,Denkendorf,Marie-Curie-Str. 2,Shop rechts neben Tür
Aral-Tankstelle,74080,Heilbronn,Wilhelm-Leuschner-Str. 14,Shop links neben Tür
Aral-Tankstelle,74172,Neckarsulm,Neuenstädter Str. 95,Shop rechts neben Tür
Aral-Tankstelle,74348,Lauffen,Stuttgarter Str. 75,Shop links neben Tür
Aral-Tankstelle,74360,Ilsfeld,Hauptstr. 60,Shop links neben Tür
Aral-Tankstelle,74385,Pleidelsheim,Marbacher Str. 36,Shop rechts neben Tür
Aral-Tankstelle,75177,Pforzheim,Lochhäckerstr. 2,Shop rechts neben Tür
Aral-Tankstelle,75179,Pforzheim,Karlsruher Str. 26 A,Shop rechts neben Tür
Aral-Tankstelle,75196,Remchingen,Bahnhofstr. 2,Wandeinbau Personalraum
Aral-Tankstelle,76149,Karlsruhe,Linkenheimer Landstr. 125,Shop rechts neben Tür
Aral-Tankstelle,76228,Karlsruhe,Wiesenstr. 30,Shop rechts neben Tür
Aral-Tankstelle,76530,Baden-Baden,Lange Str. 122,Shop rechts neben Tür
Aral-Tankstelle,76534,Baden-Baden,Maximilianstraße 45,Shop rechts neben Tür
Aral-Tankstelle,76870,Kandel,Rheinstr. 128,Wandeinbau Büro / GAA im Pächterbüro
Aral-Tankstelle,77694,Kehl,Straßburger Str. 36,Shop rechts neben Tür
Aral-Tankstelle,77855,Achern,Fautenbacher Str. 22,Wandeinbau Büro
Aral-Tankstelle,77933,Lahr/Schwarzwald,Freiburger Str. 11,Shop rechts nebn Tür
Aral-Tankstelle,78050,Villingen-Schwenningen,Vöhrenbacher Str. 38,Shop rechts neben Tür
Aral-Tankstelle,78176,Blumberg,An der Bundesstr. 27,Shop rechts neben Tür
Aral-Tankstelle,80637,München,Landshuter Allee 163,Wandeinbau Büro / GAA im Pächterbüro
Aral-Tankstelle,80804,München,Leopoldstr. 208,Fenstereinbau Shop
Aral-Tankstelle,80807,München,Schenkendorfstr. 15,Fenstereinbau Büro / GAA im Pächterbüro
Aral-Tankstelle,80939,München,Ingolstädter Str.164-166,Shop rechts neben Tür
Aral-Tankstelle,80992,München,Georg-Brauchle-Ring 27,Shop Wandeinbau / GAA im Pächterbüro
Aral-Tankstelle,81379,München,Boschetsrieder Str. 127,Büro / GAA im Pächterbüro
Aral-Tankstelle,81539,München,Tegernseer Landstr. 174,Fenstereinbau Shop
Aral-Tankstelle,81669,München,Rosenheimer Str. 138,Fenstereinbau Büro / GAA im Pächterbüro
Aral-Tankstelle,81825,München,Wasserburger Landstr. 51,Fenstereinbau Büro / GAA im Pächterbüro
Aral-Tankstelle,81829,München,Otto-Perutz-Str. 1,
Aral-Tankstelle,82538,Geretsried,Elbestr. 23,Shop rechts neben Tür
Aral-Tankstelle,83022,Rosenheim,Kufsteiner Str. 57,Fenstereinbau Shop
Aral-Tankstelle,83059,Kolbermoor,Aiblinger Au 52 A,Shop links neben Tür
Aral-Tankstelle,83607,Holzkirchen,Miesbacher Str. 33,Shop rechts neben Tür
Aral-Tankstelle,83707,Bad Wiessee,Münchener Straße 43,Shop rechts neben Tür
Aral-Tankstelle,84036,Landshut,Niedermayerstr. 54,Wandeinbau Personalraum
Aral-Tankstelle,84048,Mainburg,Freisinger Str. 21,Shop rechts neben Tür
Aral-Tankstelle,84130,Dingolfing,Bahnhofstr. 18,Shop rechts neben Tür
Aral-Tankstelle,84478,Waldkraiburg,Teplitzer Str. 24,Shop rechts neben Tür
Aral-Tankstelle,85221,Dachau,Alte Römerstr. 50,Shop rechts neben Tür
Aral-Tankstelle,85375,Neufahrn,Grünecker Str. 6,Shop rechts neben Tür
Aral-Tankstelle,85391,Allershausen,Schroßlacher Straße 2,Shop links neben Tür
Aral-Tankstelle,85435,Erding,Sigwolfstr. 2,Shop rechts neben Tür
Aral-Tankstelle,85540,Haar,Münchener Str. 16,Fenstereinbau Personalraum
Aral-Tankstelle,85591,Vaterstetten,Wasserburger Landstr. 3,Shop rechts neben Tür / GAA im Pächterbüro
Aral-Tankstelle,85748,Garching,Schleißheimer Str. 124,Wandeinbau Shop
Aral-Tankstelle,86161,Augsburg,Haunstetter Str. 139 ½ ,Fenstereinbau Büro / GAA im Pächterbüro
Aral-Tankstelle,86167,Augsburg,Aindlinger Straße 11,Wandeinbau Shop
Aral-Tankstelle,86179,Augsburg,Inninger Straße 99,Shop rechts neben Tür
Aral-Tankstelle,86633,Neuburg,Am Südpark 2,Shop rechts neben Tür
Aral-Tankstelle,86899,Landsberg am Lech,Schongauer Str. 7,Shop rechts neben Tür
Aral-Tankstelle,87700,Memmingen,Münchener Str. 66,Shop rechts neben Tür
Aral-Tankstelle,87730,Bad Grönenbach,Weißenbachstraße 2,Shop links neben Tür
Aral-Tankstelle,88079,Kressbronn am Bodensee,Linderhof 8,Shop links neben Tür
Aral-Tankstelle,88214,Ravensburg,Jahnstraße 40,Wandeinbau Shop
Aral-Tankstelle,89188,Merklingen,Nellinger Str. 24,Shop links neben Tür
Aral-Tankstelle,89520,Heidenheim an der Brenz,Nördlinger Str. 72,Shop rechts neben Tür
Aral-Tankstelle,90411,Nürnberg,Äußere Bayreuther Str. 137,Shop rechts neben Tür
Aral-Tankstelle,90441,Nürnberg,Schweinauer Hauptstr. 92,Shop rechts neben Tür
Aral-Tankstelle,90443,Nürnberg,Ulmenstr. 31,Shop rechts neben Tür
Aral-Tankstelle,90491,Nürnberg,Äußere Sulzbacher Str. 117,Shop links neben Tür
Aral-Tankstelle,90518,Altdorf,Nürnberger Straße 25,Fenstereinbau Büro / GAA im Pächterbüro
Aral-Tankstelle,90762,Fürth,Nürnberger Str. 131,Shop rechts neben Tür
Aral-Tankstelle,90763,Fürth,Herrnstr. 27,Shop links neben Tür
Aral-Tankstelle,91056,Erlangen,Am Europakanal 26,Fenstereinbau Büro / GAA im Pächterbüro
Aral-Tankstelle,91126,Schwabach,An der Autobahn 1,Eingangsbereich / Durchgang
Aral-Tankstelle,91220,Schnaittach,Schwarzleite 2,Eingangsbereich / Durchgang
Aral-Tankstelle,91315,Höchstadt,Fürther Str. 1,Shop rechts neben Tür
Aral-Tankstelle,91522,Ansbach,Matthias-Oechsler-Straße 2,Shop rechts neben Tür
Aral-Tankstelle,91567,Herrieden,Am Eichelberg 2,Eingangsbereich / Durchgang
Aral-Tankstelle,92318,Neumarkt,Amberger Str. 18,Fenstereinbau Büro / GAA im Pächterbüro
Aral-Tankstelle,93051,Regensburg,Augsburger Str. 32,Shop rechts neben Tür
Aral-Tankstelle,93055,Regensburg,Max-Planck-Str. 8 / B15,Shop rechts neben Tür
Aral-Tankstelle,93073,Neutraubling,Gleiwitzer Str. 8,Shop Sparerker
Aral-Tankstelle,95502,Himmelkron,Hofer Str. 2 / B 303,Shop links neben Tür
Aral-Tankstelle,96052,Bamberg,Memmelsdorfer Str. 80,Shop links neben Tür
Aral-Tankstelle,96450,Coburg,Ernst-Faber-Str. 19,Shop rechts neben Tür
Aral-Tankstelle,96450,Coburg,Rodacher Str. 69,Shop rechts neben Tür
Aral-Tankstelle,97424,Schweinfurt,Straßburgstr. 1,Shop rechts neben Tür
Aral-Tankstelle,98528,Suhl,Gothaer Straße 158,Fenstereinbau Büro / GAA im Pächterbüro
Aral-Tankstelle,99091,Erfurt,Demminer Str. 7,Shop rechts neben Tür
Aral-Tankstelle,99097,Erfurt,Kranichfelder Str. 2,Shop links neben Tür
Aral-Tankstelle,99425,Weimar,Berkaer Str. 71,Shop rechts neben Tür
Aral-Tankstelle,99427,Weimar,Buttelstedter Str. / E.Ernst-Busse-Str.,Shop rechts neben Tür
Aral-Tankstelle,99441,Mellingen,Aral-Allee 1,Shop rechts neben Tür
Aral-Tankstelle,99734,Nordhausen,Hallesche Str. 101,Shop rechts neben Tür
Aral-Tankstelle,99734,Nordhausen,Helmestr. 109,Shop rechts neben Tür
Aral-Tankstelle,99817,Eisenach,An der Karlskuppe 1,Shop rechts neben Tür
Aral-Tankstelle,99867,Gotha,Ohrdrufer Str. 2,Shop rechts neben Tür
Aral-Tankstelle,99885,Ohrdruf,Suhler Str. 5 A,Shop rechts neben Tür
Aral-Tankstelle,99974,Mühlhausen,Langensalzaer Str. 51,Shop rechts neben Tür
Aral-Zentrale,44789,Bochum,Wittener Str. 45,UG
Ärzte am Stern,34117,Kassel,Kurt-Schumacher Straße 11,Wandeinbau separater Raum
Bahnhof,87509,Immenstadt im Allgäu,Bahnhofstr. 39,
Bahnhof,87616,Marktoberdorf,Bahnhofstr. 10,Wandeinbau Shop
Beetzsee Center,14772,Brandenburg,Brielower Landstr. 19,
BFT Tankstelle,50733,Köln,Neusser Str. 467,Wandeinbau Büro
BFT Tankstelle,59425,Unna,Friedrich-Ebert-Str. 64,Shop Sparerker
Cannstatter Carré,70372,Stuttgart,Wildunger Str. 2 - 4,Mall
City Center,15890,Eisenhüttenstadt,Nordpassage 1,Mall neben Detektivbüro
City Center,96515,Sonneberg,Bahnhofstraße 44-48,
City Center Langenhagen,30853,Langenhagen,Marktplatz 7,
City Galerie Peine,31224,Peine,Bahnhofstr. 3,
City-Center Köln Chorweiler,50765,Köln,Mailänder Passage 1,EG
Classic Tankstelle,32312,Lübbecke,Bohlenstr. 2,Wandeinbau Büro
Donau Einkaufszentrum,93059,Regensburg,Weichser Weg 5,Neben Saturn im Eingangsbreich
EASTGATE Berlin,12679,Berlin,Marzahner Promenade 1,1.OG neben Fahrstühlen
Edeka,10713,Berlin,Blissestr. 36,
Edeka,27570,Bremerhaven,Georg-Seebeck-Straße 58,
Edeka,29308,Winsen,Roggenkamp 11,Mall
Edeka,29614,Soltau,Lüneburger Str. 97,Mall
Edeka,30453,Hannover,Am Bahndamm 17,Mall
Edeka,31832,Springe,Osttangente 4,Mall
Edeka,37581,Bad Gandersheim,Marienstraße 25,
Edeka,49090,Osnabrück,Bürener Str. 8,Mall
Einkaufspark Duckwitz,28199,Bremen,Duckwitzstraße 55,"Auf der Mall, neben Fotofix."
EKZ Das Gerber,70178,Stuttgart,Tübinger Straße 26 f,OG auf der Mall
EKZ Milaneo,70173,Stuttgart,Mailänder Platz 7,1.OG / Shop 1.43b
EKZ Reutereiche,17153,Stavenhagen,An der Reutereiche 1,Mall
EKZ Schöne Aussicht,06667,Leißling,Am Marktwege 2,Mall neben Vodafone Shop Indoor
Elli-Markt,59558,Lippstadt,Bruchstr. 2,Eingangsbereich
Ems Galerie,48431,Rheine,Emsstraße 36,
Esso-Tankstelle,04435,Schkeuditz,Merseburger Chaussee 6,im Shop
Esso-Tankstelle,04626,Loebichau,Autohof BAB 4 Loebichau,Shop
Esso-Tankstelle,04838,Eilenburg,Wurzener Landstr. 5,Lagerraum / Outdoor
Esso-Tankstelle,06112,Halle (Saale),Delitzscher Str. 56,Shop
Esso-Tankstelle,06618,Naumburg,Weißenfelser Str. 45,Shop / Indoor
Esso-Tankstelle,09661,Hainichen,B 169,
Esso-Tankstelle,12101,Berlin,Tempelhofer Damm 20,Indoor
Esso-Tankstelle,12107,Berlin,Marienfelder Chaussee 171,Shop
Esso-Tankstelle,12305,Berlin,Lichtenrader Damm 274,Outdoor / Personalraum
Esso-Tankstelle,12347,Berlin,Tempelhofer Weg 32,
Esso-Tankstelle,12529,Schönefeld,Wassmannsdorfer Chaussee 6,Im Shop
Esso-Tankstelle,12589,Berlin,Fürstenwalder Allee 100,Outdoor Lagerraum
Esso-Tankstelle,12621,Berlin,Chemnitzer Str. 179 - 181,Shop
Esso-Tankstelle,13053,Berlin,Indira-Gandhi-Str. 75,Shop
Esso-Tankstelle,13407,Berlin,Holländerstr. 52,Shop
Esso-Tankstelle,13595,Berlin,Heerstr. 285,Shop
Esso-Tankstelle,13597,Berlin,Ruhlebener Str. 183 - 185,Shop
Esso-Tankstelle,14195,Berlin,Clayallee 90,Indoor
Esso-Tankstelle,14513,Teltow,Warthestr.1,Shop
Esso-Tankstelle,14776,Brandenburg,Berliner Str. 1 E,Shop
Esso-Tankstelle,14822,Linthe,Westfalenstr. 1,Shop
Esso-Tankstelle,14974,Ludwigsfelde,Zossener Landstr. 10,Shop
Esso-Tankstelle,16321,Bernau,Rüdnitzer Chaussee 2,Shop
Esso-Tankstelle,16816,Neuruppin,Nauener Str.,Shop
Esso-Tankstelle,18069,Lambrechtshagen,Rostockerstr. 52,Shop
Esso-Tankstelle,18109,Rostock,Werftallee,Shop
Esso-Tankstelle,18182,Mönchhagen,B 105 Nr. 16,Shop
Esso-Tankstelle,19061,Schwerin,Am Püsserkrug 2,Shop
Esso-Tankstelle,19243,Wittenburg,Mühlenring 1,Shop
Esso-Tankstelle,19288,Ludwigslust,Großer Kamp 33,Shop
Esso-Tankstelle,20539,Hamburg,Billstraße 31,Im Shop
Esso-Tankstelle,22043,Hamburg,Schiffbeker Weg 299,Shop
Esso-Tankstelle,22045,Hamburg,Ahrensburger Str. 183-187,Shop
Esso-Tankstelle,22087,Hamburg,Mundsburger Damm 24,Shop
Esso-Tankstelle,22159,Hamburg,Pezolddamm 136,Shop
Esso-Tankstelle,22527,Hamburg,Koppelstr. 30,Shop
Esso-Tankstelle,22761,Hamburg,Theodorstr. 1,Shop
Esso-Tankstelle,23564,Lübeck,Falkenstr. 33,Shop
Esso-Tankstelle,24118,Kiel,Westring 341 a,
Esso-Tankstelle,24161,Altenholz,Dänischenhagener Straße B503,
Esso-Tankstelle,26789,Leer,Bremer Straße 67,
Esso-Tankstelle,30165,Hannover,Vahrenwalder Straße 138,Im Shop
Esso-Tankstelle,30459,Hannover,Göttinger Chaussee 107,
Esso-Tankstelle,30900,Wedemark,Kaltenweider Str. 29,Shop
Esso-Tankstelle,31228,Peine,Heinrich-Hertz-Str. 20,Eingangsbereich
Esso-Tankstelle,34121,Kassel,Kohlenstr. 119,Shop
Esso-Tankstelle,36039,Fulda,Michelsrombacher Straße 6,
Esso-Tankstelle,36275,Kirchheim,Industriestr. 8,Shop
Esso-Tankstelle,38126,Braunschweig,Helmstedter Str. 112,Shop
Esso-Tankstelle,38440,Wolfsburg,Berliner Ring 10,Shop
Esso-Tankstelle,39110,Magdeburg,Westring 48,Shop
Esso-Tankstelle,39120,Magdeburg,Leipziger Chaussee 101,Shop
Esso-Tankstelle,39365,Marienborn,BAB 2 Autohof,Shop
Esso-Tankstelle,40468,Düsseldorf,Heinrich-Ehrhardt-Str. 14,Shop
Esso-Tankstelle,40599,Düsseldorf,Am Schönenkamp 11,Shop
Esso-Tankstelle,40629,Düsseldorf,Bergische Landstr. 166,Shop
Esso-Tankstelle,40878,Ratingen,Düsseldorfer Str. 128,Shop
Esso-Tankstelle,41515,Grevenbroich,Jülicher Str. 55,Shop
Esso-Tankstelle,41542,Dormagen,Neusser Str. 1,Shop
Esso-Tankstelle,42115,Wuppertal,Varresbecker Str. 100,Shop
Esso-Tankstelle,42549,Velbert,Heiligenhauser Str. 91,Shop
Esso-Tankstelle,42699,Solingen,Löhdorfer Str. 197,Shop
Esso-Tankstelle,42897,Remscheid,Borner Str. 21,Shop
Esso-Tankstelle,45359,Essen,Aktienstr. 34 A,Shop
Esso-Tankstelle,45525,Hattingen,Martin-Luther-Str. 18,
Esso-Tankstelle,49565,Bramsche,Engter Str. 5,Shop
Esso-Tankstelle,50735,Köln,Neusser Landstr. 16,Shop
Esso-Tankstelle,50969,Köln,Höninger Weg 12-14,
Esso-Tankstelle,53225,Bonn,Skt.-Augustiner-Str. 145,Shop
Esso-Tankstelle,55130,Mainz,Wormser Str. 7,Shop
Esso-Tankstelle,55252,Wiesbaden,Boelckestraße 27,
Esso-Tankstelle,56179,Vallendar,Rheinstr. 109,Shop
Esso-Tankstelle,58135,Hagen,Berliner Str. 35 - 37,Shop
Esso-Tankstelle,58332,Schwelm,Berliner Str. 6,Shop
Esso-Tankstelle,58511,Lüdenscheid,Bräuckenstraße 81,Shop
Esso-Tankstelle,60314,Frankfurt am Main,Hanauer Landstr. 178,Shop
Esso-Tankstelle,60486,Frankfurt am Main,Wiesbadener Str. -Süd-,Shop
Esso-Tankstelle,60529,Frankfurt am Main,Rheinlandstraße 45,
Esso-Tankstelle,60529,Frankfurt am Main,Rheinlandstraße 45,
Esso-Tankstelle,60549,Frankfurt am Main,Unterschweinstiege 2 a,Shop
Esso-Tankstelle,60596,Frankfurt am Main,Stresemannallee 10,Shop
Esso-Tankstelle,63654,Büdingen,An der Saline 13,
Esso-Tankstelle,64546,Mörfelden-Walldorf,Aschaffenburger Str. 1,Shop
Esso-Tankstelle,65199,Wiesbaden,Schönbergstraße 44 A,Shop
Esso-Tankstelle,65385,Rüdesheim,Geisenheimer Str. 62,Shop
Esso-Tankstelle,65439,Flörsheim,"BAB 66, Nordseite",Shop
Esso-Tankstelle,65439,Flörsheim,"BAB 66, Südseite",Shop
Esso-Tankstelle,65549,Limburg,Industriestr. 15,"Shop / Zusätzlich Werbewürfel auf Säule 2,5 m"
Esso-Tankstelle,68259,Mannheim,Feudenheimer Str. 60,Shop
Esso-Tankstelle,69181,Leimen ,Schwetzinger Str. 12,Shop
Esso-Tankstelle,70197,Stuttgart,Rotenwaldstr. 146,Shop
Esso-Tankstelle,70563,Stuttgart,Hauptstr. 136,Shop
Esso-Tankstelle,71636,Ludwigsburg,Schwieberdinger Str. 133,Shop
Esso-Tankstelle,72762,Reutlingen,Konrad-Adenauer-Straße 32,
Esso-Tankstelle,73230,Kirchheim unter Teck,Schlierbacher Str. 71,Shop
Esso-Tankstelle,73728,Esslingen am Neckar,Ulmer Str. 83,Shop
Esso-Tankstelle,76744,Wörth am Rhein,Bahnhofstraße 42,
Esso-Tankstelle,76829,Landau,Westbahnstr. 1,Shop
Esso-Tankstelle,77694,Kehl,Straßburgerstr. 20,
Esso-Tankstelle,78166,Donaueschingen,Dürrheimer Straße 28,
Esso-Tankstelle,78224,Singen,Radolfzellerstraße 28,
Esso-Tankstelle,79114,Freiburg,Sundgauallee 25 Süd,Shop
Esso-Tankstelle,79395,Neuenburg am Rhein,Westtangente 2,
Esso-Tankstelle,80686,München,Westendstr. 183,Shop
Esso-Tankstelle,80802,München,Ungererstr. 54,Shop
Esso-Tankstelle,81369,München,Passauer Str. 20,Shop
Esso-Tankstelle,81671,München,Innsbrucker Ring 52,Shop
Esso-Tankstelle,81925,München,Effner Str. 130,Shop
Esso-Tankstelle,82418,Murnau,Weilheimer Str. 12,Shop
Esso-Tankstelle,85356,Freising,Erdinger Str. 145,Shop
Esso-Tankstelle,85521,Ottobrunn,Rosenheimer Landstr. 73,
Esso-Tankstelle,86152,Augsburg,An der Blauen Kappe 4,Shop
Esso-Tankstelle,86899,Landsberg am Lech,Augsburger Str. 31/53,Shop
Esso-Tankstelle,89231,Neu-Ulm,Ringstr. 122,Shop
Esso-Tankstelle,90408,Nürnberg,Bucher Str. 108,Shop
Esso-Tankstelle,90439,Nürnberg,Gustav-Adolf-Straße 49A,Glasfassade am Zeitungsregal
Esso-Tankstelle,92331,Parsberg,Im Grund 1,Shop
Esso-Tankstelle,97080,Würzburg,Veitshöchheimer Str. 22,Shop
Esso-Tankstelle,97421,Schweinfurt,Landwehr Straße 37,
Esso-Tankstelle,99334,Ichtershausen,Thöreyer Str. 4,Shop
Esso-Tankstelle ,20535,Hamburg,Sievekingsallee 75,Shop
Esso-Tankstelle ,33330,Gütersloh,Nordring 100,Shop
Esso-Tankstelle ,48161,Münster,Am Rohrbusch 32,Shop
Esso-Tankstelle ,48268,Greven,Königstr. 32,Outdoor Büro / GAA im Pächterbüro
Esso-Tankstelle ,58455,Witten,Dortmunder Str. 8,Shop
Europapassage,20095,Hamburg,Ballindamm 40,Wandeinbau separater Raum
famila-Markt,17389,Anklam,Silostr. 2,Mall neben Handyshop
famila-Markt,18528,Bergen,Nonnenseestr. 1,Windfang neben Inselkarte
famila-Markt,19348,Perleberg,Schwarzer Weg 11,Mall neben der Info
famila-Markt,23554,Lübeck,Schwartauer Landstr. 4,Mall neben Takko
famila-Markt,23566,Lübeck,Wesloer Landstr. 50 - 70,Eingangsbereich
famila-Markt,23569,Lübeck,Möllerung 11 - 13,Mall gegenüber Eingang
famila-Markt,23611,Sereetz,Sereetzer Feld 1,Eingangsbereich
famila-Markt,23843,Bad Oldesloe,Lily-Braun-Str. 24-28,Eingangsbereich
famila-Markt,24109,Kiel,Kurt-Schumacher-Platz 4,
famila-Markt,24113,Kiel,Seekoppelweg 2,Mall
famila-Markt,24147,Kiel,Preetzer Str. 298,Mall
famila-Markt,24387,Schleswig,Friedrich-Ebert-Str. 3,Eingangsbereich - hinter dem Windfang
famila-Markt,24536,Neumünster,Hauptstr. 43,Mall gegenüber Kasse 1
famila-Markt,25524,Itzehoe,Vor dem Delftor,Mall
famila-Markt,25746,Heide,Fritz-Thiedemann-Ring 40,links neben Portamat
famila-Markt,27356,Rotenburg (Wümme),Auf dem Rusch 1,Eingangsbereich neben Bäckerei
famila-Markt,30851,Langenhagen,Hans-Böckler-Str. 60-66,auf der Mall
Finanz-Center,08058,Zwickau,Innere Plauensche Str. 22,Finanz-Center
Forum,63450,Hanau,Freiheitsplatz,UG - auf der Mall
Forum,63450,Hanau,Freiheitsplatz,EG  - gegenüber H&M
Forum Wetzlar,35576,Wetzlar,Am Forum 1,Mall
Fronhofer Galeria,53177,Bonn,Am Fronhof 9,Mall links vom Nebeneingang
Gemeinde,97250,Erlabrunn,Würzburger Straße 36,
Geschäftshaus,53840,Troisdorf-Altenrath,Heidegraben 4,
Gesundbrunnen-Center,13357,Berlin,Badstr. 4,Indoor Eingangsbereich
Gesundheits-Center,45149,Essen,Fulerumer Straße 225,Wandeinbau separater Raum.
Globus Handelshof,63477,Maintal,Industriestraße 6,Auf der Mall.
Gropius Passagen,12351,Berlin,Johannisthaler Chaussee 317,Auf der Mall.
Hagebau Baumarkt,80809,München,Lerchenauer Str. 134,Im Eingangsbereich
Hagebau Baumarkt,81379,München,Hofmannstraße 4-10,Im Eingangsbereich
Hagebau Baumarkt,82008,Unterhaching,Grünwalder Weg 33,Eingangsbereich
Hagebau Baumarkt,82319,Starnberg,Gautinger Straße 41,Im Windfang
Hagebau Baumarkt,82377,Penzberg,Zibetholzweg 1,Im Eingangsbereich hinter dem Windfang.
Halle Center Peißen,06188,Landsberg,Saarbrücker Str. 1,nähe real
Halle Center Peißen,06188,Landsberg,Saarbrücker Str. 1,"nähe ""ex""- Praktiker"
HEM-Autohof,28816,Stuhr,Bremer Str. 112,Shop links neben Tür
HEM-Tankstelle,13089,Berlin,Romain-Rolland-Str. 2 - 4,Shop rechts neben Tür
HEM-Tankstelle,14772,Brandenburg,Rathenower Landstraße,Shop rechts neben Tür
HEM-Tankstelle,68305,Mannheim,Waldstr. 172,Shop rechts neben Tür
Hit,85599,Parsdorf,Am Lerchenfeld 3,
Hit Markt,51491,Overath,Olper Str. 20,
Hit Markt,54550,Daun,Bahnhofstraße 3,
Hit Markt,56727,Mayen,Hausener Str. 2 - 6,Mall im Eingangsbereich
Hit Markt,60598,Frankfurt am Main,Mörfelder Landstr. 129,neben Fahrstuhl
Hit Markt,63069,Offenbach,Sprendlinger Landstr. 140,Indoor gegenüber Info
Hit Markt,65510,Idstein,Wiesbadener Str. 58 ,neben Toto Lotto
Hit Markt,85435,Erding,Rudolf-Diesel-Str. 4,
Holstein Center,25524,Itzehoe,Feldschmiedekamp 4,Mietfläche an Mall
IFA Insel Ferien Anlagen GmbH & Co. KG,08261,Schöneck,Hohe Reuth 5,Gegenüber Rezeption Indoor
ING-DiBa,30659,Hannover,Podbielskistr. 343,Keller Hannover
ING-DiBa,30659,Hannover,Podbielskistr. 343,ING-DiBa Pylon
ING-DiBa,60486,Frankfurt am Main,Theodor-Heuss-Allee 2,Outdoor im Eingangsbereich
ING-DiBa,90449,Nürnberg,Südwestpark 97,Poststelle separater Raum
KaDeWe,10789,Berlin,Tauentzienstraße 21 - 24,EG
KaDeWe,10789,Berlin,Tauentzienstraße 21,2.OG
KaDeWe,10789,Berlin,Tauentzienstraße 21,6.OG
KaDeWe,10789,Berlin,Tauentzienstraße 21,3.OG
Kaiser‘s,12107,Berlin,Großbeerenstr. 54,Indoor Eingangsbereich
Karstadt,01069,Dresden,Pragerstraße 12,EG Ausgang Altmarkt
Karstadt,10627,Berlin,Wilmersdorfer Straße 118,
Karstadt,10719,Berlin,Kurfürstendamm 231,
Karstadt,10967,Berlin,Hermannplatz ,1. OG neben Treppenhaus Schmuckabt.
Karstadt,12163,Berlin,Schloßstraße 7 - 10,
Karstadt,13353,Berlin,Müllerstraße 25,
Karstadt,14467,Potsdam,Brandenburgerstr. 49/52,EG neben Rolltreppe
Karstadt,20095,Hamburg,Mönckebergstr. 16,2.OG Sporthaus
Karstadt,20095,Hamburg,Mönckebergstr. 16,outdoor links
Karstadt,20095,Hamburg,Mönckebergstr. 16,outdoor rechts
Karstadt,20354,Hamburg,Am Jungfernstieg 16-20,
Karstadt,21073,Hamburg,Schloßmühlendamm 2,
Karstadt,22041,Hamburg,Wandsbeker Markstr. 63-65,outdoor
Karstadt,23552,Lübeck,Königstraße 54,
Karstadt,24103,Kiel,Sophienblatt 2,
Karstadt,27568,Bremerhaven,Bürgermeister-Smidt-Str. 50-64,EG
Karstadt,28195,Bremen,Obernstraße 5-33,2.OG Lloydtreppe
Karstadt,28195,Bremen,Obernstraße 5-33,outdoor
Karstadt,30159,Hannover,Georgstr. 23,Outdoor
Karstadt,35390,Gießen,Seltersweg 64,2.OG
Karstadt,38100,Braunschweig,Schuhstr. 29-34,outdoor
Karstadt,40212,Düsseldorf,Schadowstraße 93,2.OG
Karstadt,41236,Mönchengladbach,Markt 10,outdoor
Karstadt,44137,Dortmund,Westenhellweg 30-36,EG Eingang Haupthaus
Karstadt,44137,Dortmund,Westenhellweg 30-36,EG im Reisebüro
Karstadt,44791,Bochum,Ruhrpark,EG neben der Rolltreppe
Karstadt,45127,Essen,Limbecker Platz 1A,neben KQFS-Center 2
Karstadt,45133,Essen,Theodor-Althoff-Straße 2,
Karstadt,45472,Mülheim,Humboldtring 5,outdoor
Karstadt,48143,Münster,Salzstraße 47 - 50,outdoor
Karstadt,50667,Köln,Breite Straße 103 - 135,outdoor
Karstadt,53111,Bonn,Poststraße 23,EG
Karstadt,54290,Trier,Simeonstr. 46,EG Eingang Moselstraße
Karstadt,57072,Siegen,Kölnerstraße 41,Ausgang Parkdeck C
Karstadt,60313,Frankfurt am Main,Zeil 90,EG Eckeingang Zeil im Windfang
Karstadt,60313,Frankfurt am Main,Zeil 90,EG Haupteingang Zeil Strumpfabt.
Karstadt,64283,Darmstadt,Elisabethenstraße 15,outdoor Passage LuisenCenter
Karstadt,65549,Limburg,Werner-Senger-Straße 15-17,GAA durch die Wand / Outdoor zur Fußgängerzone
Karstadt,65843,Sulzbach,Main-Taunus-Zentrum,
Karstadt,66111,Saarbrücken,Bahnhofstraße 15,EG nähe Rolltreppe
Karstadt,68519,Viernheim,Robert-Schumann-Str. 2,EG
Karstadt,76133,Karlsruhe,Kaiserstraße 147-159,EG Kaiser/Lammstr. Windfang
Karstadt,78224,Singen,Bahnhofstraße 19-21,EG neben den Fahrstühlen
Karstadt,79098,Freiburg,Kaiser-Joseph-Str. 165,EG Eingang Nußbaumstraße
Karstadt,80335,München,Bahnhofsplatz 7,EG
Karstadt,80797,München,Schleißheimer Str. 93,UG
Karstadt,86150,Augsburg,Bürgermeister-Fischer-Str. 6-10,outdoor
Karstadt,87700,Memmingen,Königsgraben 3,UG
Karstadt,90402,Nürnberg,Königstraße 14,EG
Karstadt,96047,Bamberg,Grüner Markt 23,Durch die Wand / Outdoor zur Fußgängerzone
Karstadt,99084,Erfurt,Am Anger 1-3,indoor
Karstadt Gewandhaus,38100,Braunschweig,Poststraße 4 - 5,outdoor
Kaufland,01139,Dresden,Peschelstr. 33,Eingangsbereich
Kaufland,01309,Dresden-Striesen,Borsbergstr. 35,Eingangsbereich hinter dem Windfang
Kaufland,01445,Radebeul,Weintraubenstr. 31,auf der Mall
Kaufland,01640,Coswig,Salzstraße 16a,auf der Mall bei den Fahrstühlen
Kaufland,01662,Meißen,Schützestraße 1,
Kaufland,01917,Kamenz,An der Windmühle 2,Windfang
Kaufland,01917,Kamenz,Willi-Muhle-Straße 25,
Kaufland,02625,Bautzen,Gesundbrunnenring 62,auf der Mall
Kaufland,02708,Löbau,Rumburger Str. 9,
Kaufland,02763,Zittau,Christian-Kaimann-Str. 44,Eingangsbereich neben Info
Kaufland,02763,Zittau,Äußere Weberstraße 87,hinter dem Windfang
Kaufland,03044,Cottbus,Sielower Chaussee 38,Mall
Kaufland,03172,Guben,Kaltenborner Straße 68,Nische linke Seite hinter dem Windfang
Kaufland,03222,Lübbenau,Am Kaufland 2,Mall
Kaufland,04159,Leipzig,Georg-Schumann-Str. 290,hinter dem Windfang links auf der Mall
Kaufland,04249,Leipzig,Anton-Zickmantel-Straße 42,auf der Mall
Kaufland,04509,Delitzsch,Sachsenstr. 1,Wandeinbau separater Raum
Kaufland,04600,Altenburg,Käthe-Kollwitz-Str. 43,Wandeinbau separater Raum
Kaufland,04720,Döbeln,Schillerstraße 6,im Eingangsbereich
Kaufland,06128,Halle (Saale),Südstadtring 90,Mall serarater Raum
Kaufland,06712,Zeitz,Hainichener Dorfstraße 1,auf der Mall
Kaufland,06886,Lutherstadt Wittenberg,Lerchenbergstraße 112 - 113,hinter dem Windfang
Kaufland,08288,Rodewisch,Zur Sternkoppel 1,Eingangsbereich / Indoor
Kaufland,09405,Zschopau,Chemnitzer Str. 124,Mall neben Blumenladen
Kaufland,12103,Berlin,Schöneberger Str. 7,linke Seite hinter dem Windfang
Kaufland,12555,Berlin,Friedrichshagener Str.37-43,Mall
Kaufland,13355,Berlin,Brunnenstraße 106,
Kaufland,13593,Berlin,Wilhelmsstraße 21 - 25,Durch die Wand zum Parkplatz
Kaufland,14471,Potsdam,Zeppelinstr. 132,Wandeinbau separater Raum
Kaufland,15234,Frankfurt/Oder,Josef-Gesing-Str. 6,Mall Indoor
Kaufland,15517,Fürstenwalde,Alte Langewahler Chaussee 11,auf der Mall
Kaufland,15537,Erkner,Friedrichstr. 13,auf der Mall
Kaufland,15890,Eisenhüttenstadt,Fährstr. 35,Eingansbereich gegenüber Eingang
Kaufland,16225,Eberswalde,Angermünder Str. 55,
Kaufland,16909,Wittstock,Meyenburger Chaussee 36,auf der Mall links hinter dem Windfang
Kaufland,17235,Neustrelitz,Strelitzer Straße 24,Auf der Mall
Kaufland,24109,Kiel - Mettendorf,Skandinaviendamm 299,Aussenfassade zum Parkplatz
Kaufland,29664,Walsrode,Heinrich-Hertz-Str. 9,Eingangsbereich
Kaufland,31061,Alfeld,Sedanstraße 16 - 18,auf der Mall
Kaufland,31228,Peine,Heinrich-hertz-Str. 12,
Kaufland,32423,Minden,Lindenstraße 24 / Obermarktpassage,
Kaufland,33102,Paderborn,Riemekestraße 37,Eingangsbereich hinter dem Windfang
Kaufland,33378,Rheda-Wiedenbrück,Bahnhofstraße 36,
Kaufland,37327,Leinefelde-Worbis,Bahnhofstr. 48,Eingangsbereich
Kaufland,37603,Holzminden,Bülte 4,Mall - links neben der Apotheke
Kaufland,41515,Grevenbroich,Ostwall 31,
Kaufland,42551,Velbert,Friedrichstraße 262,
Kaufland,42719,Solingen,Stresemannstr. 37,
Kaufland,42859,Remscheid,Presover Straße 20,
Kaufland,44145,Dortmund,Bornstr. 160,
Kaufland,44287,Dortmund,Aplerbecker Marktplatz 7 - 10,"Wandeinbau separater Raum
aum"
Kaufland,44534,Lünen,Merschstr. 19,Mall gegenüber der Treppe
Kaufland,44892,Bochum,Ümminger Str. 90,Outdoor separater Raum
Kaufland,45329,Essen,Altenessener Straße 411,
Kaufland,45355,Essen-Borbeck,Gerichtstraße 25,Auf der Mall
Kaufland,45768,Marl,Marler Stern 57,Eingangsbereich hinter dem Windfang
Kaufland,45770,Marl,Lipper Weg 4,
Kaufland,46145,Oberhausen,Bahnhofstraße 57,Eingangsbereich hinter dem Windfang
Kaufland,47059,Duisburg,Auf der Höhe 20,links neben Personaleingang
Kaufland,47119,Duisburg,Friedrich-Ebert-Str. 2,Auf der Mall beim Eingang Parkhaus
Kaufland,47166,Duisburg - Alt Hamborn,Duisburger Straße 303,hinter dem Windfang auf der Mall
Kaufland,47475,Kamp-Lintfort,Moerser Straße 290,Mall - bei den Einkaufswagen
Kaufland,48282,Emsdetten,Katthagen 6 - 8,
Kaufland,49525,Lengerich,Ringeler Straße 24 - 26,
Kaufland,50171,Kerpen,Sindorfer Str. 65 - 69,Eingangsbereich
Kaufland,50259,Pulheim,Farehamstr./Venloer Str.,Mall vor der ersten Säule
Kaufland,50823,Köln,Thebäerstraße 9,Im Eingangsbereich
Kaufland,53489,Sinzig,Industriestraße 10,Wandeinbau separater Raum
Kaufland,53721,Siegburg,Wilhelm-Ostwald-Straße F1,hinter dem Windfang
Kaufland,54329,Konz,Saar-Mosel-Platz 2,Eingangsbereich
Kaufland,55543,Bad Kreuznach,Schwabenheimer Weg 5,Nische auf der Mall hinter dem Windfang
Kaufland,56170,Bendorf,Hauptstraße 131,
Kaufland,56564,Neuwied,Heddesdorfer Str. 11,Mall
Kaufland,56727,Mayen,Koblenzer Straße 176,hinter dem Windfang
Kaufland,57072,Siegen,Hagener Straße 133,Auf der Mall neben Fotofix.
Kaufland,57223,Kreuztal,Marburger Str. 41,
Kaufland,57462,Olpe,Martinstr. 36,Mall
Kaufland,58285,Gevelsberg,Großer Markt 7,auf der Mall neben den Rolltreppen
Kaufland,59229,Ahlen,Kleiwellenfeld 16,
Kaufland,59457,Werl,Soester Straße 26,
Kaufland,60386,Frankfurt am Main,Wächtersbacherstraße 75,Im Windfang links neben dem Eingang
Kaufland,61231,Bad Nauheim,Ketteler Str. 10,
Kaufland,63322,Rödermark,Ober-Rodener-Straße 13,
Kaufland,64807,Dieburg,Im Flürchen 3,Eingangsbereich neben Tür
Kaufland,66292,Riegelsberg,Saarbrücker Straße 262,Wandeinbau separater Raum
Kaufland,66822,Lebach,Poststr. 9,Indoor
Kaufland,67346,Speyer,Auestr. 22,Mall
Kaufland,67547,Worms,Mainzerstraße 150,Eingangsbereich rechts hinter dem Windfang
Kaufland,68169,Mannheim,Maybachstr. 28,Eingangsbereich
Kaufland,69221,Dossenheim,Gewerbestr. 19,Mall
Kaufland,70736,Fellbach,Merowinger Str. 5,neben Toto Lotto
Kaufland,71063,Sindelfingen,Calwer Str. 4,Wandeinbau separater Raum
Kaufland,71065,Sindelfingen,,
Kaufland,71522,Backnang,Sulzbacher Str. 201,hinter dem Windfang
Kaufland,71522,Backnang,Industriestraße 34,Wandeinbau Eingangsbereich
Kaufland,72250,Freudenstadt,Max-Eyth-Str. 14,Eingangsbereich
Kaufland,72379,Hechingen,Kaullastraße 1,
Kaufland,72488,Sigmaringen,Georg-Zimmerer-Str. 15,Mall
Kaufland,72622,Nürtingen,Europastr. 7,Windfang
Kaufland,73033,Göppingen,Stuttgarter Str. 2,
Kaufland,73066,Uhingen,Bleichereistraße 54,
Kaufland,73312,Geislingen an der Steige,Neuwiesenstraße 25,
Kaufland,73527,Schwäbisch-Gmünd,Hauptstraße 6,
Kaufland,74321,Bietigheim,Prinz-Eugen-Str. 10,Windfang
Kaufland,76532,Baden-Baden,Rheinstraße 134,Auf der Mall neben Lotto.
Kaufland,78713,Schramberg,Bahnhofstraße 30,Wandeinbau Mall
Kaufland,79106,Freiburg,Waldkircher Str. 57,Mall
Kaufland,82538,Geretsried,Bayerwaldstraße 2,Im Eingangsbereich.
Kaufland,83026,Rosenheim,Außere Münchener Straße 100,
Kaufland,83043,Bad Aibling,Grassinger Straße 16,links neben dem Drehkreuz
Kaufland,83278,Traunstein,Theresienstr. 2,auf der Mall
Kaufland,83395,Freilassing,Verdistraße 15,Rechts hinter dem Windfang. Mit der Rückseite an die Wand links neben der Tür.
Kaufland,84130,Dingolfing,Frontenhausener Str. 1,Mall
Kaufland,84307,Eggenfelden,Lindhofstraße 10,
Kaufland,84489,Burghausen,Lindach 10,
Kaufland,85221,Dachau,Danziger Str. 1,Eingangsbereich
Kaufland,85276,Pfaffenhofen a.d. Ilm,Joseph-Fraunhofer-Straße 31,Hinter dem Windfang rechts.
Kaufland,85276,Pfaffenhofen,Max-Weinberger-Straße 9,Im Windfang
Kaufland,85368,Moosburg,Degernpoint M1,
Kaufland,88348,Bad Saulgau,Am Schlehenrain 1,Eingangsbereich neben Bäcker
Kaufland,88400,Biberach an der Riss,Obere Stegwiesen 10,Auf der Mall
Kaufland,88471,Laupheim,Ulmer Straße 13,
Kaufland,89155,Erbach,Heinrich-Hammer-Str. 6,Wandeinbau separater Raum
Kaufland,89231,Neu-Ulm,Memminger Straße 54,Neben der Rolltreppe.
Kaufland,89407,Dillingen,Johannes-Scheiffele-Str. 3-7,gegenüber Rolltreppe - neben Aufzug zum Parkdeck
Kaufland,89518,Heidenheim,Wilhelmstraße 148,auf der Mall
Kaufland,90439,Nürnberg,Schwabacher Straße 99,Im Windfang
Kaufland,90443,Nürnberg,Dianaplatz 23- 25,Mall
Kaufland,90473,Nürnberg,Oppelner Str. 223,auf der Mall bei den Aufzügen
Kaufland,90522,Oberasbach,Rothenburger Straße 70,Im Eingangsbereich
Kaufland,91315,Höchstadt,Rothenburger Str. 19,auf der Mall - neben dem Kassenbereich
Kaufland,92318,Neumarkt,Altdorfer Straße 63,hinterm Windfang
Kaufland,92637,Weiden,Untere Bauscher Str. 25,Mall
Kaufland,93333,Neustadt a.d.Donau,Gewerpepark 48,Eingangsbereich
Kaufland,94036,Passau,Neuburger Str. 128,Eingangsbereich
Kaufland,94051,Hauzenberg,Florianstraße 1,Auf der Mall an der Rolltreppe.
Kaufland,94060,Pocking,Passauer Straße 160,auf der Mall
Kaufland,95032,Hof,Hans-Böckler-Straße 19,"Eingangsbreich, hinter dem Windfang"
Kaufland,95448,Bayreuth,Weiherstr. 27,Mall neben Takko
Kaufland,96515,Sonneberg,Bettelhecker Straße 155,
Kaufland,97688,Bad Kissingen,Steubenstr. 1,rechts im Windfang
Kaufland,99510,Apolda,Bernhard-Prager-Gasse 1 - 7,neben Lotto
Kaufland ,91257,Pegnitz,Nürnberger Straße 22,
KaufMarkt,12683,Berlin,Weißenhöher Str. 88 - 108,Mall ( im Kaufmarkt )
KaufMarkt,14624,Dallgow-Döberitz,Döberitzer Weg 3,Indoor neben Kaufmarkt
KaufPark Eiche,16356,Ahrensfelde,Landsberger Chaussee 17,Eingangsbereich Indoor
Königsbau Passagen,70173,Stuttgart,Königstraße 26,Eingangsbereich
Konzernforum Lindencorso,10117,Berlin,Unter den Linden 21,"Wandeinbau ""Tapetentür"""
Kurpfalz Center,68309,Mannheim,Spreewaldallee 44 - 50,Auf der Mall
Kurverwaltung,27632,Dorum,Am Kutterhafen 3,Outdoor neben Bushaltestelle
Landesmesse Stuttgart,70629,Stuttgart,"Flughafenrandstr., Eingang West - Halle 8",Halle 6
Landesmesse Stuttgart,70629,Stuttgart,Flughafenrandstr. 43,Eingang Ost - Atrium
Landesmesse Stuttgart,70629,Stuttgart,"Flughafenrandstr., Mittlerer Höhensprung",Mittlerer Höhensprung neben Eingang Halle 5
Linden Center,13051,Berlin,Prerower Platz 1,neben Nordsee
Löhr Center,56068,Koblenz,Hohenfelder Straße 22,2.OG
Markant,18435,Stralsund,Hans-Fallada-Straße 1,
Markant,23936,Grevesmühlen,Gebhartstraße 4,
Markant,24116,Kiel,Alte Weide 4,
Markant-Markt,23970,Wismar,Professor-Frege-Straße 45,Auf der Mall beim Tabakladen
Markant-Markt,24148,Kiel,Philipp-Reis-Weg 2,Eingang Durchgang zum Getränkemarkt
Markant-Markt,24217,Schönberg,Eichkamp 9,Hinter dem Windfang rechts.
Markant-Markt,24451,Quickborn,Feldbehnstr. 35,Neben dem Leergutautomaten.
Marktkauf,31515,Wunstorf,Hagenburger Straße 20,Im Eingangsbereich neben der Leergut-Annahme.
Marktplatzcenter,17033,Neubrandenburg,Krämerstraße 1,Foyer UG in einer Nische
Marriott Hotel,10785,Berlin,Inge-Beisheim-Platz 1,
Marriott Hotel,60486,Frankfurt am Main,Hamburger Allee 2 - 10,Indoor neben Business Center
Marstall-Center,71634,Ludwigsburg,Marstall 1,
Media Markt,01069,Dresden,Prager Straße 15,UG
Media Markt,03051,Cottbus,Am Seegraben 20 C,
Media Markt,07747,Jena,Stadtrodaer Str. 105,
Media Markt,08058,Zwickau,Franz-Mehring-Str. 169,
Media Markt,08393,Meerane,Guteborner Allee 1,
Media Markt,08527,Plauen,Dürerstr. 28,
Media Markt,12043,Berlin,Karl-Marx-Str. 66,
Media Markt,12529,Schönefeld,Am Rondell 3,Im Windfang
Media Markt,13357,Berlin,Pankstr. 32 - 39,
Media Markt,13507,Berlin,Am Borsigturm 2,Im Eingangsbereich
Media Markt,13597,Berlin,An den Freiheitswiesen 5,
Media Markt,17491,Greifswald,Anklamer Landstraße 1,
Media Markt,18055,Rostock,Timmermannstrat 11 a,
Media Markt,18437,Stralsund,Grünhufer Bogen 13 - 17,
Media Markt,19053,Schwerin,Marienplatz 5 - 7,
Media Markt,21339,Lüneburg,Lüner Rennbahn 4,
Media Markt,21614,Buxtehude,Lüneburger Schanze 17,
Media Markt,21682,Stade,Haddorfer Grenzweg 2a,
Media Markt,22047,Hamburg-Wandsbek,Friedrich-Ebert-Damm 110,
Media Markt,22339,Hamburg,Poppenbütteler Weg 31,an den Rolltreppen
Media Markt,22529,Hamburg,Nedderfeld 70,1.OG
Media Markt,22765,Hamburg,Paul-Nevermann-Platz 15,1. OG Bahnhof Altona
Media Markt,24558,Henstedt-Ulzburg,Kirchweg 88,
Media Markt,25469,Halstenbek,Gärtnerstr. 169,Windfang
Media Markt,25746,Heide,Schanzenstr. 11 / Gewerbegebiet Ost,
Media Markt,26129,Oldenburg,Posthalterweg 15,
Media Markt,26871,Papenburg,An der Alten Werft 13,
Media Markt,27755,Delmenhorst,Seestraße 7,
Media Markt,28237,Bremen,AG-Weser-Straße 3,EKZ Waterfront
Media Markt,28307,Bremen,Hans-Bredow-Str. 19,Weserpark
Media Markt,28816,Stuhr,Drei-K-Weg 25a,
Media Markt,30519,Hannover,Hildesheimer Str. 410,Eingangsbereich bei der Info
Media Markt,31135,Hildesheim,Bavenstedter Str. 65,Eingangsbereich
Media Markt,31582,Nienburg,Schlossplatz 5,Im Eingangsbereich
Media Markt,31789,Hameln,Böcklerstr. 5,
Media Markt,32457,Porta Westfalica,Feldstr. 32,
Media Markt,33330,Gütersloh,Vennstr. 40,
Media Markt,35037,Marburg,Erlenring 19,
Media Markt,37075,Göttingen,Hannoversche Str. 53 c,1.OG
Media Markt,38100,Braunschweig,Hintern Brüdern 27 - 30,
Media Markt,38820,Halberstadt,Quedlinburger Landstraße 12,Windfang
Media Markt,39128,Magdeburg,Am Pfahlberg 7,
Media Markt,40217,Düsseldorf,Friedrichstr. 129 - 133,Service Center
Media Markt,40235,Düsseldorf,Metrostr. 16,Eingangsbereich
Media Markt,41065,Mönchengladbach,Breitenbachstr. 50,
Media Markt,41464,Neuss,Konrad-Adenauer-Ring 95,Kassenbereich
Media Markt,42103,Wuppertal,Friedrich-Engels-Allee 34,
Media Markt,42551,Velbert,Friedrichstr. 303,
Media Markt,44579,Castrop-Rauxel,Siemensstr. 16,
Media Markt,44791,Bochum,Am Einkaufszentrum EKZ Ruhrpark,
Media Markt,44809,Bochum,Hofsteder Str. 194 - 196,
Media Markt,45475,Mülheim,"Mannesmannallee 31, EKZ Dümpten",
Media Markt,47169,Duisburg,August-Bebel-Platz 20,
Media Markt,47269,Duisburg,Keniastr. 37,
Media Markt,50858,Köln,Max-Planck-Str. 24,
Media Markt,51103,Köln,Vietorstr. 7,1.OG Köln Arcaden
Media Markt,52064,Aachen,Franzstr. 6,
Media Markt,52249,Eschweiler,Auerbachstr. 30,
Media Markt,55543,Bad Kreuznach,Wöllsteiner Str. 10,
Media Markt,55743,Idar-Oberstein,John-F.-Kennedy-Str. 1,
Media Markt,57076,Siegen,Hauptmarkt 1,
Media Markt,63329,Egelsbach,Kurt-Schumacher-Ring 3,
Media Markt,63584,Gründau,Rudolf-Walther-Str. 6,
Media Markt,63741,Aschaffenburg,Mainaschaffer Str. 115,Eingangsbereich
Media Markt,64331,Weiterstadt,Robert-Koch-Str. 18,
Media Markt,64646,Heppenheim,Tiergartenstr. 7,
Media Markt,65474,Bischofsheim,Neben dem Mühlweg 4 b,
Media Markt,66115,Saarbrücken,Dr.-Tietz-Str. 13,Im Eingangsbereich
Media Markt,66538,Neunkirchen,Kirkeler Str. 50,Windfang
Media Markt,67346,Speyer,Wormser Landstr. 94,
Media Markt,67433,Neustadt a.d. Weinstraße,Chemnitzer Str. 33,
Media Markt,68199,Mannheim,Flößwörthstraße 65,Eingangsbereich
Media Markt,68307,Mannheim,Frankenthaler Str. 129,
Media Markt,68519,Viernheim,Bürgermeister-Neff-Str. 17,
Media Markt,69115,Heidelberg,Hebelstr. 22,
Media Markt,70736,Fellbach ,Bühlstr. 140,
Media Markt,72458,Albstadt,Sonnenstr. 30,1. OG Albcenter
Media Markt,73054,Eislingen,Steinbeissstr. 2,
Media Markt,73431,Aalen,Carl-Zeiß-Str. 96,
Media Markt,73525,Schwäbisch-Gmünd,Mühlweg 5,an den Rolltreppen
Media Markt,73614,Schorndorf,Heinkelstr. 25,
Media Markt,73733,Esslingen am Neckar,Weilstr. 227,1.OG Neckar Center
Media Markt,74523,Schwäbisch Hall,Stuttgarter Str. 157,
Media Markt,74564,Crailsheim,Hofwiesenstr. 39,
Media Markt,76135,Karlsruhe,Unterweingartenfeld 4,Eingangsbereich
Media Markt,76829,Landau,Klaus-von-Klitzing-Str. 5,Im Eingangsbereich
Media Markt,77656,Offenburg,Heinrich-Hertz-Str. 6,Im Eingangsbereich
Media Markt,78073,Bad Dürrheim,Schwenninger Str. 38,
Media Markt,78467,Konstanz,Schneckenburgstr. 2,
Media Markt,80939,München,Maria-Probst-Str. 11,
Media Markt,83026,Rosenheim,Georg-Aicher-Straße 10,
Media Markt,83278,Traunstein,Haslacher Feld 1,
Media Markt,84030,Landshut,Gaußstr. 1,
Media Markt,86159,Augsburg,Eichleitnerstr. 34,
Media Markt,87700,Memmingen,Frauenhoferstr. 9,
Media Markt,88045,Friedrichshafen,Meisterhofener Str. 14,
Media Markt,89077,Ulm,Blaubeurer Str. 24,
Media Markt,90431,Nürnberg,Virnsberger Str. 2 - 4,
Media Markt,91056,Erlangen,Frauenauracher Str. 108,
Media Markt,91522,Ansbach,Rothenburger Straße 15,
Media Markt,92637,Weiden,Regensburger Str. 61,
Media Markt,94036,Passau,Regensburger Str. 37,
Media Markt,95028,Hof,Äußere Michaelisbrücke 2,
Media Markt,95445,Bayreuth,Spinnereistr. 4,
Media Markt,96103,Hallstadt,Laubanger 31,
Media Markt,96450,Coburg,Niorter Straße 20,Im Windfang rechte Seite.
Media Markt,97076,Würzburg,Am Handelshof 2,
Media Markt,97080,Würzburg,Alfred-Nobel-Str. 3,
Media Markt,98544,Zella-Mehlis,Industriestr. 4,Eingangsbereich
Messe Berlin,14055,Berlin,Messedamm 22,Halle 19 Indoor
Messe Berlin,14055,Berlin,Messedamm 22,Übergang 1.2-2.2 Indoor
Mönkhof Karree,23562,Lübeck,Alexander-Fleming-Str. 1,Mall neben Rolltreppe
Neue Hopfenpost,80335,München,Seidlstraße,Mall
Oberpollinger,80331,München,Neuhauser Straße 18,outdoor
OBI,83064,Raubling,Hochstraße 5,
OMV-Tankstelle,76646,Bruchsal,Kammerfortstr. 4,Shop rechts neben Tür Indoor
OMV-Tankstelle,80939,München,Freisinger Landstr. 9,Fenstereinbau Büro / GAA im Pächterbüro
OMV-Tankstelle,81247,München,Verdistr. 68,Shop rechts neben Tür
OMV-Tankstelle,86720,Nördlingen,Augsburger Str. 42,Shop Sparerker
OMV-Tankstelle,93049,Regensburg,Prüfeninger Str. 43,Shop rechts neben Tür
OMV-Tankstelle,93128,Regenstauf,Regensburger Str. 30,Fenstereinbau Büro / GAA im Pächterbüro
OMV-Tankstelle,94315,Straubing,Landshuter Str. 101,Shop rechts neben Tür
Ostsee Park,18069,Lambrechtshagen,Ostsee-Park-Str. 3,Mall seperater Raum Wandeinbau
Paunsdorf Center,04329,Leipzig,Paunsdorfer Allee 1,
Penny-Markt,01683,Nossen,Fabrikstraße 5,
Penny-Markt,08304,Schönheide,Eibenstocker Straße 28a,
PF-Tankstelle,47608,Geldern,Geldertor 6,Fenstereinbau Büro / GAA im Pächterbüro
Plauen Park,08525,Plauen,Alte Joessnitzer  Straße 30,Mall
PM Tankstelle,42103,Wuppertal,Bundesallee 76,Wandeinbau Shop
Promenaden Hauptbahnhof Leipzig,04109,Leipzig,Willy-Brandt-Platz 7,EG Ausgang Wintergartenstraße
Rasthof Wörth,84109,Wörth an der Isar,Luitpoldpark 2,Eingangsbereich
Rathaus Galerie,41539,Dormagen,Kölner Str. 96 - 100,Mall
Ring-Center II,10365,Berlin,Frankfurter Allee 113,Indoor Durchgang zu Kaufhof
Rödertalpark,01900,Großröhrsdorf,Pulsnitzer Str. 16,Im Mallbereich
Sachsen-Allee-Center,09130,Chemnitz,Thomas-Mann-Platz 1b,bei den Aufzügen im 1.OG in einer Nische
Saturn,86316,Friedberg,Hans-Seemüller-Straße 1,
Saturn Electro-Markt,01067,Dresden,Webergasse 1,1.OG
Saturn Electro-Markt,08056,Zwickau,Äußere Schneeberger Str. 95,
Saturn Electro-Markt,09111,Chemnitz,Neumarkt 2,
Saturn Electro-Markt,09247,Chemnitz,Ringstr. 3,
Saturn Electro-Markt,10789,Berlin,Tauentzienstraße 9,
Saturn Electro-Markt,12435,Berlin,Elsenstr. 111 - 114,
Saturn Electro-Markt,14169,Berlin,Clayallee 328,Im Eingangsbereich
Saturn Electro-Markt,18055,Rostock,Kröpeliner Str. 54,"1. OG, Kröpeliner Tor-Center"
Saturn Electro-Markt,28195,Bremen,Papenstr. 5,3. OG
Saturn Electro-Markt,28279,Bremen,Steinsetzer Str. 15,
Saturn Electro-Markt,30159,Hannover,Ernst-August-Platz 3,
Saturn Electro-Markt,32547,Bad Oeynhausen,Mindener Str. 22,
Saturn Electro-Markt,34117,Kassel,Königsplatz 61,"3. OG, City Point Kassel"
Saturn Electro-Markt,37073,Göttingen,Weender Str. 75,Im Eingangsbereich
Saturn Electro-Markt,38440,Wolfsburg,"Porschestr. 45, Lilen-Carré",
Saturn Electro-Markt,39104,Magdeburg,Ernst-Reuter-Allee 11,1. OG Allee-Center
Saturn Electro-Markt,40212,Düsseldorf,Königsallee 56 ,3.OG
Saturn Electro-Markt,40233,Düsseldorf,Werdener Str. 87,4.OG
Saturn Electro-Markt,42103,Wuppertal,Neumarkt 1,
Saturn Electro-Markt,44339,Dortmund,Evinger Str. 170,
Saturn Electro-Markt,44532,Lünen,Willy-Brand-Platz 6,
Saturn Electro-Markt,44787,Bochum,Kortumstr. 72-74,
Saturn Electro-Markt,45127,Essen,Limbecker Platz 1a,Obergeschoss
Saturn Electro-Markt,45472,Mülheim,"Humboldtring 13, Rhein-Ruhr-Centrum",
Saturn Electro-Markt,45525,Hattingen,Reschop-Carré-Platz 1,UG Reschop-Carre
Saturn Electro-Markt,45894,Gelsenkirchen,Marienstraße 14,
Saturn Electro-Markt,46047,Oberhausen,Centroallee 4,
Saturn Electro-Markt,46483,Wesel,Kreuzstr. 13,Mall
Saturn Electro-Markt,47441,Moers,Homberger Str. 20 - 22,
Saturn Electro-Markt,47533,Kleve,Stechbahn 19 - 23,
Saturn Electro-Markt,47798,Krefeld,Neusser Str. 35,
Saturn Electro-Markt,49074,Osnabrück,Kamp 50,
Saturn Electro-Markt,50354,Hürth,Theresienhöhe 56,UG EKZ Hürth Park
Saturn Electro-Markt,50667,Köln,Hohe Str. 41 - 53,4.OG beim Servicebereich
Saturn Electro-Markt,51143,Köln,Josefstr. 12,1.OG CityCenter
Saturn Electro-Markt,53879,Euskirchen,Veybachstr. 3,1.OG Veybach-Center
Saturn Electro-Markt,54290,Trier,Simeonstr. 53,3.OG
Saturn Electro-Markt,55116,Mainz,Am Brand 41,
Saturn Electro-Markt,56070,Koblenz,An der Römervilla 3,3. OG
Saturn Electro-Markt,57072,Siegen,Am Bahnhof 40,UG City Center
Saturn Electro-Markt,60313,Frankfurt am Main,Zeil 106-110,
Saturn Electro-Markt,61348,Bad Homburg,Louisenstraße 90,
Saturn Electro-Markt,63263,Neu-Isenburg,Hermesstr. 4,
Saturn Electro-Markt,63450,Hanau,Kurt-Blaum-Platz 8,2. OG
Saturn Electro-Markt,65183,Wiesbaden,Louisenforum Kirchgasse 6,
Saturn Electro-Markt,65189,Wiesbaden,Bahnhofsplatz 3,
Saturn Electro-Markt,66111,Saarbrücken,Trierer Straße 1 / Europa Galerie Saarbrücken,Europa Galerie
Saturn Electro-Markt,67059,Ludwigshafen,Rathausplatz 20,
Saturn Electro-Markt,67663,Kaiserslautern,Merkurstr. 62 - 64,
Saturn Electro-Markt,68161,Mannheim,N7,
Saturn Electro-Markt,69115,Heidelberg,Sofienstraße 5,Darmstädter Hof
Saturn Electro-Markt,71229,Leonberg,Leonberger Str. 98 - 108,
Saturn Electro-Markt,72070,Tübingen,Schleifmühleweg 36,1.OG
Saturn Electro-Markt,72770,Reutlingen,Ferdinand-Lasalle-Str. 7,
Saturn Electro-Markt,74172,Neckarsulm,Rötelstr. 33,
Saturn Electro-Markt,75179,Pforzheim,Karlsruher Str. 51 - 57,Eingangsbereich
Saturn Electro-Markt,76133,Karlsruhe,Kaiserstr. 146 - 148,1.OG
Saturn Electro-Markt,79098,Freiburg,Schiffstr. 5 - 9,1.OG
Saturn Electro-Markt,80993,München,Hanauer Str. 77,
Saturn Electro-Markt,81737,München,Ollenhauerstr. 6,1.OG
Saturn Electro-Markt,85057,Ingolstadt,Am Westpark 7,
Saturn Electro-Markt,85356,Freising,Isarstr. 1,
Saturn Electro-Markt,90403,Nürnberg,Vordere Ledergasse 30,im Eingangsbereich
Saturn Electro-Markt,90762,Fürth,Würzburger Str. 6,
Saturn Electro-Markt,91052,Erlangen,Nürnberger Str. 7,Erlangen Arcaden
Saturn Electro-Markt,99084,Erfurt,Anger 1 - 3,"4. OG, EKZ Am Anger"
Saturn Electro-Markt,99423,Weimar,Friedensstr. 1,
Schön Klinik,22081,Hamburg,Dehnhaide 120,"Im Foyer der Klinik, Haus 7, Empfangsbereich."
Schwarzwaldcenter,72250,Freudenstadt,Ludwig-Jahn-Straße 3,
Spandau Arkaden,13581,Berlin,Klosterstraße 3,
Stadtgalerie,58452,Witten,Hammerstraße 9 - 11,auf der Mall
Stadtgalerie Heilbronn,74072,Heilbronn,Deutschhofstr. 19,1.OG
Star Tankstelle,12683,Berlin,Altentreptower Str. 2,Shop Sparerker
Star-Tankstelle,01239,Dresden,Dohnaer Str. 184,Shop rechts neben Tür
Star-Tankstelle,01773,Altenberg,Dresdner Str. 15,Shop rechts neben Tür
Star-Tankstelle,01809,Heidenau,Hauptstr. 7,Shop rechts neben Tür
Star-Tankstelle,04159,Leipzig,Georg-Schumann-Str. 392,Shop rechts neben Tür
Star-Tankstelle,04626,Schmölln,Ronneburger Str. 116,Shop rechts neben Tür
Star-Tankstelle,06130,Halle (Saale),Dieselstr. 59,Shop rechts neben Tür
Star-Tankstelle,06132,Halle (Saale),Merseburger Str. 322,Shop rechts neben Tür
Star-Tankstelle,07318,Saalfeld,Christian-Wagner-Straße 10,Shop rechts neben Tür
Star-Tankstelle,09123,Chemnitz,Wolgograder Allee 2a,Shop rechts neben Tür
Star-Tankstelle,10315,Berlin,Rhinstr. 47,Shop rechts neben Tür
Star-Tankstelle,10365,Berlin,Siegfriedstr. 170,Shop rechts neben Tür
Star-Tankstelle,12207,Berlin,Königsberger Str. 25 A,Fenstereinbau Büro / GAA im Pächterbüro
Star-Tankstelle,16321,Bernau,Schwanebecker Chaussee 9a,Fenstereinbau Büro
Star-Tankstelle,16515,Oranienburg,Berliner Str. 73,Shop rechts neben Tür
Star-Tankstelle,16775,Löwenberger Land,Berliner Str. 5,Shop rechts neben Tür
Star-Tankstelle,22525,Hamburg,Kieler Str. 206,"Fenstereinbau Büro / GAA im Pächterbüro, nur von 9:00-14:00 zugänglich"
Star-Tankstelle,28329,Bremen,In der Vahr 72,Shop rechts neben Tür
Star-Tankstelle,30179,Hannover,Sahlkamp 7,Wandeinbau Lager
Star-Tankstelle,39122,Magdeburg,Alt Salbke 60 - 63,Shop rechts neben Tür
Star-Tankstelle,45276,Essen,Bochumer Landstr. 184,Fenstereinbau Büro / GAA im Pächterbüro
Star-Tankstelle,48165,Münster,Westfalenstr. 186,Shop rechts neben Tür
Star-Tankstelle,50389,Wesseling,Hubertusstr. 3,Shop rechts neben Tür
Star-Tankstelle,79098,Schleiz,Plauensche Str. 1,Shop rechts neben Tür
Star-Tankstelle,99310,Arnstadt,Ichtershäuser Str. 67,Shop rechts neben Tür
Star-Tankstelle,99610,Sömmerda,Frohndorfer Str. 78,Fenstereinbau Büro / GAA im Pächterbüro
Stern-Center Potsdam,14480,Potsdam,Nuthestr.,Mall rechts neben Eingang real
Südring Center,15834,Rangsdorf,Klein-Kienitzer Str. 2,Mall seperater Raum
Sun Oil,13089,Berlin,Prenzlauer Promenade 70,Shop rechts neben Tür
Sun Oil,13509,Berlin,Waidmannsluster Damm 54,Shop Sparerker
T.E.C.,99099,Erfurt,Hermsdorfer Str. 4,Mall Wandnische
Tamoil-Tankstelle,12555,Berlin,Kaulsdorfer Str. 124 - 126,Fenstereinbau Büro / GAA im Pächterbüro
Team Tankstelle,23966,Wismar,Querstraße 1,Shop
TLG KulturBrauerei,10435,Berlin,Schönhauser Allee 36 / Haus 1,Gebäude 2.1 gegenüber vom Kinoeingang
Total-Tankstelle,06794,Sandersdorf,BAB Ost / A9,Lagerraum Wanddurchbruch
TÜV Rheinland,51105,Köln,Am Grauen Stein,Indoor vor der Kantine
UFA-Palast,70191,Stuttgart,Rosensteinstr. 20,Mall
Vechte Arkaden,48529,Nordhorn,Hagenstraße 10,
Wegedorn-Zentrum,12524,Berlin,Semmelweißstraße 105,Outdoor Eingangsbereich
